designation,profile,h,b,c,d,tw,tf,r1,r2,b1,Beta,A,Ix,Zx,rx,Iy,Zy,ry,Iu,Zu,ru,Iv,Zv,rv,J,Cw,Zplx,Zply,h_tf,hw,ac,ax,ay,alpha,id,unit_mass
IPE_AA100,IPE,97.60,55.00,-,-,3.60,4.50,7.00,-,-,-,856.00,1360000.00,27800.00,39.80,126000.00,4570.00,12.10,-,-,-,-,-,-,7330.00,272000000.00,31900.00,7230.00,21.70,74.60,-,-,-,-,61d13dbecd444878a12a5d6583916573,6.72
IPE100,IPE,100.00,55.00,-,-,4.10,5.70,7.00,-,-,-,1030.00,1710000.00,34200.00,40.70,159000.00,5790.00,12.40,-,-,-,-,-,-,12100.00,354000000.00,39400.00,9150.00,17.50,74.60,-,-,-,-,612f1b1bc2e14a919a5dbb8478e1cfcc,8.10
IPE_AA120,IPE,117.00,64.00,-,-,3.80,4.80,7.00,-,-,-,1060.00,2440000.00,41700.00,47.90,211000.00,6590.00,14.10,-,-,-,-,-,-,9550.00,663000000.00,47600.00,10400.00,24.40,93.40,-,-,-,-,91ef7316a0914bcb87f28e2d8b8055ef,8.36
IPE120,IPE,120.00,64.00,-,-,4.40,6.30,7.00,-,-,-,1320.00,3180000.00,53000.00,49.00,277000.00,8650.00,14.50,-,-,-,-,-,-,17400.00,894000000.00,60700.00,13600.00,19.00,93.40,-,-,-,-,6bbb29d108ae4dad8023b46d2600aff4,10.40
IPE_AA140,IPE,136.60,73.00,-,-,3.80,5.20,7.00,-,-,-,1280.00,4070000.00,59700.00,56.40,338000.00,9270.00,16.30,-,-,-,-,-,-,12000.00,1460000000.00,67600.00,14500.00,26.30,112.00,-,-,-,-,71d8b17a19e3471cbd4472247cd9c00c,10.10
IPE140,IPE,140.00,73.00,-,-,4.70,6.90,7.00,-,-,-,1640.00,5410000.00,77300.00,57.40,449000.00,12300.00,16.50,-,-,-,-,-,-,24600.00,1990000000.00,88300.00,19200.00,20.30,112.00,-,-,-,-,ea817ab56525466cb410f2c07a40fee7,12.90
IPE_AA160,IPE,156.40,82.00,-,-,4.00,5.60,9.00,-,-,-,1570.00,6590000.00,84300.00,64.80,517000.00,12600.00,18.10,-,-,-,-,-,-,18200.00,2940000000.00,95200.00,19700.00,27.90,127.00,-,-,-,-,314c0d46b49b4e8fbf4bdb6b643c97ad,12.30
IPE160,IPE,160.00,82.00,-,-,5.00,7.40,9.00,-,-,-,2010.00,8690000.00,109000.00,65.80,683000.00,16700.00,18.40,-,-,-,-,-,-,36200.00,3980000000.00,124000.00,26100.00,21.60,127.00,-,-,-,-,54c8ceddd72d423ea65d842bb0228a10,15.80
IPE_AA180,IPE,176.40,91.00,-,-,4.30,6.20,9.00,-,-,-,1900.00,10200000.00,116000.00,73.20,781000.00,17200.00,20.30,-,-,-,-,-,-,24900.00,5660000000.00,130000.00,26700.00,28.50,146.00,-,-,-,-,7db1746066f345a1a38d5dd1a9506b71,14.90
IPE180,IPE,180.00,91.00,-,-,5.30,8.00,9.00,-,-,-,2390.00,13200000.00,146000.00,74.20,1010000.00,22200.00,20.50,-,-,-,-,-,-,48100.00,7460000000.00,166000.00,34600.00,22.50,146.00,-,-,-,-,3d4aa70d392d4f9a85183876078187c1,18.80
IPE_AA200,IPE,196.40,100.00,-,-,4.50,6.70,12.00,-,-,-,2290.00,15300000.00,156000.00,81.90,1120000.00,22400.00,22.10,-,-,-,-,-,-,38700.00,10100000000.00,176000.00,35000.00,29.30,159.00,-,-,-,-,108465409d30415caf1ba8d9b3bc2497,18.00
IPE200,IPE,200.00,100.00,-,-,5.60,8.50,12.00,-,-,-,2850.00,19400000.00,194000.00,82.60,1420000.00,28500.00,22.40,-,-,-,-,-,-,70200.00,13100000000.00,221000.00,44600.00,23.50,159.00,-,-,-,-,45cb0c6a9c484dadad0d6c0ac2085371,22.40
UB203x133x25,UB,203.20,133.20,-,-,5.70,7.80,7.60,-,-,-,3220.00,23500000.00,231000.00,85.40,3090000.00,46300.00,31.00,-,-,-,-,-,-,62100.00,29500000000.00,259000.00,71200.00,26.10,172.00,-,-,-,-,583524e88d2a4f34a92285502befc2a1,25.10
UB203x133x30,UB,206.80,133.90,-,-,6.40,9.60,7.60,-,-,-,3800.00,28900000.00,279000.00,87.20,3840000.00,57400.00,31.80,-,-,-,-,-,-,103000.00,37300000000.00,313000.00,88000.00,21.50,172.00,-,-,-,-,b6b547c23ca7436aa569fc29cf223f86,30.00
UB254x146x31,UB,251.40,146.10,-,-,6.00,8.60,7.60,-,-,-,3990.00,44300000.00,352000.00,105.00,4480000.00,61300.00,33.50,-,-,-,-,-,-,88200.00,66000000000.00,395000.00,94200.00,29.20,219.00,-,-,-,-,3a451a2e634341049e97771f57e8af44,31.10
UB254x146x37,UB,256.00,146.40,-,-,6.30,10.90,7.60,-,-,-,4740.00,55500000.00,433000.00,108.00,5710000.00,78000.00,34.70,-,-,-,-,-,-,155000.00,85700000000.00,485000.00,119000.00,23.50,219.00,-,-,-,-,400cd7b3a1d7487c8990cc7e0c6f64e0,37.00
UB254x146x43,UB,259.60,147.30,-,-,7.20,12.70,7.60,-,-,-,5500.00,65500000.00,505000.00,109.00,6770000.00,92000.00,35.10,-,-,-,-,-,-,242000.00,103000000000.00,568000.00,141000.00,20.40,219.00,-,-,-,-,e3c409f09e9244e085ed4261adade0fd,43.00
UB305x102x25,UB,305.10,101.60,-,-,5.80,6.70,7.60,-,-,-,3120.00,43600000.00,286000.00,118.00,1190000.00,23500.00,19.60,-,-,-,-,-,-,48000.00,26500000000.00,336000.00,37800.00,44.80,276.00,-,-,-,-,20eb006a834f4fc5862ded0f7bb9a095,24.80
UB305x102x28,UB,308.90,101.90,-,-,6.10,8.90,7.60,-,-,-,3640.00,54400000.00,352000.00,122.00,1580000.00,30900.00,20.80,-,-,-,-,-,-,78300.00,35500000000.00,408000.00,49200.00,34.70,276.00,-,-,-,-,01033c9780c44afe89badb83427fb437,28.20
UB305x102x33,UB,312.70,102.40,-,-,6.60,10.80,7.60,-,-,-,4180.00,65000000.00,416000.00,125.00,1940000.00,37900.00,21.50,-,-,-,-,-,-,123000.00,44200000000.00,481000.00,60000.00,29.00,276.00,-,-,-,-,b279b6da7b0a49a2ad1e5c82149ec8b9,32.80
UB305x165x40,UB,303.80,165.10,-,-,6.10,10.20,8.90,-,-,-,5160.00,85500000.00,563000.00,129.00,7660000.00,92800.00,38.50,-,-,-,-,-,-,149000.00,165000000000.00,626000.00,142000.00,29.80,266.00,-,-,-,-,7056f9bb442c4cd49117dcfccf3d6a35,40.30
UB305x165x46,UB,307.10,165.70,-,-,6.70,11.80,8.90,-,-,-,5880.00,99300000.00,647000.00,130.00,8960000.00,108000.00,39.00,-,-,-,-,-,-,223000.00,195000000000.00,722000.00,166000.00,26.00,266.00,-,-,-,-,9a58073f6069436bbc78be7e094dcef4,46.10
UB305x165x54,UB,310.90,166.80,-,-,7.70,13.70,8.90,-,-,-,6820.00,117000000.00,752000.00,131.00,10600000.00,127000.00,39.40,-,-,-,-,-,-,345000.00,234000000000.00,843000.00,195000.00,22.70,266.00,-,-,-,-,a1ba2aa2379d4bef87c2fc7e6c1949c2,54.00
UB356x171x45,UB,352.00,171.00,-,-,6.90,9.70,10.20,-,-,-,5700.00,121000000.00,686000.00,146.00,8100000.00,94700.00,37.70,-,-,-,-,-,-,160000.00,237000000000.00,773000.00,146000.00,36.30,312.00,-,-,-,-,f35c3ab08b164a2fbc34a38af902f6b7,45.00
UB356x171x51,UB,355.60,171.50,-,-,7.30,11.50,10.20,-,-,-,6460.00,142000000.00,796000.00,148.00,9680000.00,113000.00,38.70,-,-,-,-,-,-,238000.00,287000000000.00,895000.00,174000.00,30.90,312.00,-,-,-,-,30082ef998f54320a6c349e3f842faa2,51.00
UB356x171x57,UB,358.60,172.10,-,-,8.00,13.00,10.20,-,-,-,7220.00,161000000.00,896000.00,149.00,11100000.00,129000.00,39.10,-,-,-,-,-,-,334000.00,330000000000.00,1010000.00,198000.00,27.60,312.00,-,-,-,-,8b3e4f59ae6e4b5cb36f1369c65d4d2a,57.00
UB356x171x67,UB,364.00,173.20,-,-,9.10,15.70,10.20,-,-,-,8550.00,195000000.00,1070000.00,151.00,13600000.00,157000.00,39.90,-,-,-,-,-,-,560000.00,413000000000.00,1210000.00,243000.00,23.20,312.00,-,-,-,-,a007385a413f4c95b637b71c24171537,67.10
UB406x140x39,UB,397.30,141.80,-,-,6.30,8.60,10.20,-,-,-,4920.00,124000000.00,625000.00,159.00,4100000.00,57800.00,28.90,-,-,-,-,-,-,108000.00,155000000000.00,718000.00,90700.00,46.20,360.00,-,-,-,-,d67bd6d76a0e4e1ab4ad848742c4b5db,39.00
UB406x140x46,UB,402.30,142.40,-,-,6.90,11.20,10.20,-,-,-,5900.00,157000000.00,779000.00,163.00,5400000.00,75900.00,30.30,-,-,-,-,-,-,194000.00,207000000000.00,889000.00,119000.00,35.90,359.00,-,-,-,-,ee3992b67d114428bcc3bae0f66606c3,46.00
UB406x178x54,UB,402.60,177.60,-,-,7.60,10.90,10.20,-,-,-,6860.00,187000000.00,927000.00,165.00,10200000.00,115000.00,38.60,-,-,-,-,-,-,233000.00,391000000000.00,1050000.00,178000.00,36.90,360.00,-,-,-,-,fb321834cb3149728a1a7efab7d4bad6,54.10
UB406x178x60,UB,406.40,177.80,-,-,7.80,12.80,10.20,-,-,-,7610.00,215000000.00,1060000.00,168.00,12000000.00,135000.00,39.70,-,-,-,-,-,-,332000.00,465000000000.00,1200000.00,209000.00,31.70,360.00,-,-,-,-,4ef80fc43aac4d6fbb2881aefe0cb925,60.10
UB406x178x67,UB,409.40,178.80,-,-,8.80,14.30,10.20,-,-,-,8550.00,243000000.00,1190000.00,169.00,13600000.00,153000.00,39.90,-,-,-,-,-,-,465000.00,533000000000.00,1350000.00,237000.00,28.60,360.00,-,-,-,-,7ba3eb2583a647558593bdc9994b3e3f,67.10
UB406x178x74,UB,412.80,179.70,-,-,9.70,16.00,10.20,-,-,-,9530.00,274000000.00,1330000.00,170.00,15500000.00,173000.00,40.30,-,-,-,-,-,-,642000.00,610000000000.00,1510000.00,268000.00,25.80,360.00,-,-,-,-,fcfa9eb3d2a042f298ae58dfe0e4fc0f,74.20
UB457x191x67,UB,453.60,189.90,-,-,8.50,12.70,10.20,-,-,-,8550.00,294000000.00,1300000.00,185.00,14500000.00,153000.00,41.20,-,-,-,-,-,-,376000.00,706000000000.00,1470000.00,237000.00,35.70,408.00,-,-,-,-,ad9d698837214ae6bdc89c69f08f0ae6,67.10
UB457x191x74,UB,457.20,190.50,-,-,9.10,14.50,10.20,-,-,-,9510.00,334000000.00,1460000.00,187.00,16700000.00,176000.00,42.00,-,-,-,-,-,-,527000.00,820000000000.00,1660000.00,273000.00,31.50,408.00,-,-,-,-,f9125947e2ea4c4aa0bef524f65cee58,74.30
UB457x191x82,UB,460.20,191.30,-,-,9.90,16.00,10.20,-,-,-,10500.00,371000000.00,1610000.00,188.00,18700000.00,196000.00,42.30,-,-,-,-,-,-,699000.00,923000000000.00,1830000.00,304000.00,28.80,408.00,-,-,-,-,a5270e88443a4e3d807371af7dd6532a,82.00
UB457x191x89,UB,463.60,192.00,-,-,10.60,17.70,10.20,-,-,-,11400.00,411000000.00,1770000.00,190.00,20900000.00,218000.00,42.80,-,-,-,-,-,-,921000.00,1040000000000.00,2020000.00,339000.00,26.20,408.00,-,-,-,-,89ffdb6f02a94881b0416e43bdfae8e1,89.30
UB457x191x98,UB,467.60,192.80,-,-,11.40,19.60,10.20,-,-,-,12500.00,458000000.00,1960000.00,191.00,23500000.00,243000.00,43.30,-,-,-,-,-,-,1220000.00,1180000000000.00,2230000.00,379000.00,23.90,408.00,-,-,-,-,d63b660add14419f8deef5f898bb03f6,98.30
UB533x210x82,UB,528.30,208.70,-,-,9.60,13.20,12.70,-,-,-,10500.00,475000000.00,1800000.00,213.00,20000000.00,192000.00,43.80,-,-,-,-,-,-,527000.00,1330000000000.00,2060000.00,300000.00,40.00,476.00,-,-,-,-,6c8fc191b8c642198fcdc48dd9b83f51,82.20
UB533x210x92,UB,533.10,209.30,-,-,10.20,15.60,12.70,-,-,-,11800.00,553000000.00,2080000.00,217.00,23900000.00,228000.00,45.00,-,-,-,-,-,-,772000.00,1600000000000.00,2370000.00,356000.00,34.20,476.00,-,-,-,-,a2c24e3a6b15485f9ca7d63240d61f79,92.10
UB533x210x101,UB,536.70,210.10,-,-,10.90,17.40,12.70,-,-,-,12900.00,616000000.00,2300000.00,218.00,27000000.00,257000.00,45.70,-,-,-,-,-,-,1030000.00,1820000000000.00,2620000.00,400000.00,30.80,476.00,-,-,-,-,c5210bc4aa604fd58f9346af66f54824,101.00
UB533x210x109,UB,539.50,210.70,-,-,11.60,18.80,12.70,-,-,-,13900.00,668000000.00,2480000.00,219.00,29400000.00,279000.00,46.00,-,-,-,-,-,-,1280000.00,1990000000000.00,2830000.00,435000.00,28.70,476.00,-,-,-,-,60d0a5e89f02417b99141e9a83b70107,109.00
UB533x210x122,UB,544.60,211.90,-,-,12.80,21.30,12.70,-,-,-,15600.00,762000000.00,2800000.00,221.00,33900000.00,320000.00,46.60,-,-,-,-,-,-,1810000.00,2320000000000.00,3200000.00,500000.00,25.60,477.00,-,-,-,-,39955a0389264b0a880ae186ad9d84c0,122.00
UC152x152x23,UC,152.40,152.40,-,-,6.10,6.80,7.60,-,-,-,2970.00,12600000.00,165000.00,65.10,4020000.00,52700.00,36.80,-,-,-,-,-,-,51100.00,21300000000.00,184000.00,80500.00,22.40,124.00,-,-,-,-,a651fc078b6842daaaaf7100cb9a4cbd,23.00
UC152x152x30,UC,157.50,152.90,-,-,6.60,9.40,7.60,-,-,-,3840.00,17500000.00,222000.00,67.50,5600000.00,73300.00,38.20,-,-,-,-,-,-,108000.00,30700000000.00,248000.00,112000.00,16.80,123.00,-,-,-,-,ea992ec82c2748a5adff14021e1235d3,30.00
UC152x152x37,UC,161.80,154.40,-,-,8.10,11.50,7.60,-,-,-,4730.00,22100000.00,274000.00,68.40,7060000.00,91500.00,38.70,-,-,-,-,-,-,197000.00,39900000000.00,309000.00,140000.00,14.10,124.00,-,-,-,-,006e1ccfd61a49aeb3951afa89db1ae4,37.00
UC203x203x46,UC,203.20,203.20,-,-,7.30,11.00,10.20,-,-,-,5880.00,45600000.00,449000.00,88.10,15400000.00,151000.00,51.20,-,-,-,-,-,-,225000.00,142000000000.00,497000.00,230000.00,18.50,161.00,-,-,-,-,1b18bbb7ffd64b1d8a7642655a53b831,46.10
UC203x203x52,UC,206.20,203.90,-,-,8.00,12.50,10.20,-,-,-,6640.00,52500000.00,510000.00,89.00,17700000.00,173000.00,51.60,-,-,-,-,-,-,322000.00,166000000000.00,567000.00,263000.00,16.50,161.00,-,-,-,-,8686d230ab6a4395b804283b4bf2fdd7,52.00
UC203x203x60,UC,209.60,205.20,-,-,9.30,14.20,10.20,-,-,-,7600.00,61000000.00,582000.00,89.60,20500000.00,199000.00,51.90,-,-,-,-,-,-,475000.00,195000000000.00,654000.00,303000.00,14.80,161.00,-,-,-,-,174b7301147a4c839cef79fd06450ac4,60.00
UC203x203x71,UC,215.90,206.20,-,-,10.30,17.30,10.20,-,-,-,9090.00,76300000.00,707000.00,91.60,25300000.00,245000.00,52.80,-,-,-,-,-,-,817000.00,249000000000.00,801000.00,373000.00,12.50,161.00,-,-,-,-,70d61f545e38426d889547adbcf0b39c,71.00
UC203x203x86,UC,222.30,208.80,-,-,13.00,20.50,10.20,-,-,-,11000.00,94600000.00,851000.00,92.70,31100000.00,298000.00,53.20,-,-,-,-,-,-,1400000.00,317000000000.00,978000.00,455000.00,10.80,161.00,-,-,-,-,227e21d287024e86823bf1fe4d581a46,86.10
UC254x254x73,UC,254.20,254.00,-,-,8.60,14.20,12.70,-,-,-,9290.00,114000000.00,896000.00,111.00,38800000.00,306000.00,64.60,-,-,-,-,-,-,578000.00,559000000000.00,990000.00,463000.00,17.90,200.00,-,-,-,-,93df654795d644dba5d55d0ab4d9f775,73.10
UC254x254x89,UC,260.40,255.90,-,-,10.50,17.30,12.70,-,-,-,11400.00,143000000.00,1100000.00,112.00,48300000.00,378000.00,65.20,-,-,-,-,-,-,1040000.00,714000000000.00,1230000.00,574000.00,15.10,200.00,-,-,-,-,9464e0dad15b4bc49504a34838e82ace,88.90
UC254x254x107,UC,266.70,258.30,-,-,13.00,20.50,12.70,-,-,-,13700.00,175000000.00,1310000.00,113.00,58900000.00,456000.00,65.70,-,-,-,-,-,-,1750000.00,893000000000.00,1480000.00,695000.00,13.00,200.00,-,-,-,-,e49319abe81443558fdc1f4970a465f1,107.00
UC254x254x132,UC,276.40,261.00,-,-,15.60,25.10,12.70,-,-,-,16800.00,224000000.00,1620000.00,116.00,74500000.00,571000.00,66.60,-,-,-,-,-,-,3180000.00,1180000000000.00,1860000.00,870000.00,11.00,201.00,-,-,-,-,a73723b2ec3c4252aa7c1601ff9da102,132.00
UC254x254x167,UC,289.10,264.50,-,-,19.20,31.70,12.70,-,-,-,21200.00,299000000.00,2070000.00,119.00,97900000.00,740000.00,67.90,-,-,-,-,-,-,6340000.00,1620000000000.00,2420000.00,1130000.00,9.12,200.00,-,-,-,-,393141683b414644939ea3a5c8198ab3,167.00
UC305x305x97,UC,307.80,304.80,-,-,9.90,15.40,15.20,-,-,-,12300.00,222000000.00,1440000.00,134.00,72700000.00,477000.00,76.80,-,-,-,-,-,-,919000.00,1550000000000.00,1590000.00,724000.00,20.00,247.00,-,-,-,-,789070d26b6647bc9da16381f7b248a6,96.90
UC305x305x118,UC,314.50,306.80,-,-,11.90,18.70,15.20,-,-,-,15000.00,276000000.00,1760000.00,136.00,90100000.00,587000.00,77.60,-,-,-,-,-,-,1620000.00,1970000000000.00,1950000.00,892000.00,16.80,247.00,-,-,-,-,cfebb501cdc644618b389ab6755f7317,118.00
UC305x305x137,UC,320.50,308.70,-,-,13.80,21.70,15.20,-,-,-,17400.00,328000000.00,2040000.00,137.00,106000000.00,690000.00,78.20,-,-,-,-,-,-,2510000.00,2380000000000.00,2290000.00,1050000.00,14.80,247.00,-,-,-,-,e6c0f30689704c06b9c575fe336f0ab9,137.00
UC305x305x158,UC,327.20,310.60,-,-,15.70,25.00,15.20,-,-,-,20100.00,387000000.00,2360000.00,139.00,125000000.00,805000.00,78.90,-,-,-,-,-,-,3810000.00,2850000000000.00,2670000.00,1230000.00,13.10,247.00,-,-,-,-,95db0d6d24d7499ab2df45f81d10f507,158.00
TFC76x38,TFC,76.20,38.10,-,-,5.10,6.80,7.60,2.40,16.50,95.00,855.00,743000.00,19500.00,29.50,107000.00,4090.00,11.20,-,-,-,-,-,-,12000.00,85000000.00,-,-,-,-,45.80,23.30,11.90,-,4b5fcd51454a47fb8edc3f6040c13fbb,6.70
TFC100x50,TFC,100.00,50.00,-,-,6.00,8.50,8.50,4.50,25.60,95.00,1340.00,2050000.00,40900.00,39.10,290000.00,8400.00,14.70,-,-,-,-,-,-,26800.00,372000000.00,-,-,-,-,66.00,31.70,15.50,-,e8cf7b23f9804d518812de48b26b2375,10.70
TFC120x55,TFC,120.00,55.00,-,-,7.00,9.00,9.00,4.50,27.50,95.00,1700.00,3640000.00,60700.00,46.30,431000.00,11100.00,15.90,-,-,-,-,-,-,39700.00,826000000.00,-,-,-,-,84.00,32.70,16.10,-,8fa60edea39b4fff9c65aaf48ed31445,13.50
TFC127x64,TFC,127.00,63.50,-,-,6.40,9.20,10.70,2.40,28.50,95.00,1900.00,4830000.00,76000.00,50.40,672000.00,15200.00,18.80,-,-,-,-,-,-,47200.00,1490000000.00,-,-,-,-,84.00,40.20,19.40,-,96194c5df8c4492da8682796e92d6082,14.90
TFC140x60,TFC,140.00,60.00,-,-,7.00,10.00,10.00,5.00,30.00,95.00,2040.00,6050000.00,86400.00,54.50,625000.00,14700.00,17.50,-,-,-,-,-,-,54800.00,1640000000.00,-,-,-,-,100.00,36.40,17.60,-,425b68ea63354becaa25a7e841f18d4d,16.20
TFC152x76,TFC,152.40,76.20,-,-,6.40,9.00,12.20,2.40,34.90,95.00,2280.00,8510000.00,112000.00,61.10,1140000.00,21000.00,22.30,-,-,-,-,-,-,56900.00,3620000000.00,-,-,-,-,106.00,47.80,22.10,-,88d424273b3b421d96e32cc2439274b6,17.90
TFC160x65,TFC,160.00,65.00,-,-,7.50,10.50,10.50,5.50,32.50,95.00,2400.00,9250000.00,116000.00,62.10,851000.00,18300.00,18.80,-,-,-,-,-,-,71200.00,2950000000.00,-,-,-,-,118.00,38.50,18.40,-,669fb397f9a6456eb3eccc4f77e20fa4,19.10
TFC178x54,TFC,177.80,54.00,-,-,5.80,8.30,8.30,3.20,24.10,92.00,1850.00,8600000.00,96800.00,68.10,461000.00,11600.00,15.80,-,-,-,-,-,-,32800.00,2290000000.00,-,-,-,-,143.00,29.30,14.20,-,29fc39c0650b4826b9889dde1f6844fb,14.50
TFC180x70,TFC,180.00,70.00,-,-,8.00,11.00,11.00,5.50,35.00,95.00,2800.00,13500000.00,150000.00,69.60,1140000.00,22400.00,20.10,-,-,-,-,-,-,91100.00,5060000000.00,-,-,-,-,136.00,40.60,19.30,-,5c7e61d4bb08406387548ba1401d3b2a,22.30
TFC200x75,TFC,200.00,75.00,-,-,8.50,11.50,11.50,6.00,37.50,95.00,3220.00,19100000.00,191000.00,77.10,1480000.00,26900.00,21.40,-,-,-,-,-,-,115000.00,8190000000.00,-,-,-,-,154.00,42.70,20.10,-,0e9048652d0a4a55b3b1b41a8d3fb024,25.30
PFC100x50,PFC,100.00,50.00,-,-,5.00,8.40,8.40,-,-,-,1290.00,2050000.00,41100.00,40.00,320000.00,9790.00,15.80,-,-,-,-,-,-,24200.00,490000000.00,-,-,-,-,66.40,34.10,17.30,-,42233b7dabd14b7e93eb06f6ed7489a8,10.10
PFC180x70,PFC,180.00,70.00,-,-,7.00,10.90,10.90,-,-,-,2680.00,13500000.00,150000.00,71.00,1270000.00,26200.00,21.80,-,-,-,-,-,-,82300.00,6520000000.00,-,-,-,-,136.00,43.50,21.50,-,213251eff0a94e679aef1f5dd2786650,21.10
PFC200x75,PFC,200.00,75.00,-,-,7.50,11.40,11.40,-,-,-,3090.00,19100000.00,191000.00,78.60,1670000.00,31800.00,23.20,-,-,-,-,-,-,104000.00,10600000000.00,-,-,-,-,154.00,45.70,22.50,-,6addcdf87ecc4efe92761cba36138e06,24.30
PFC230x90,PFC,230.00,90.00,-,-,7.50,14.00,12.00,-,-,-,4100.00,35200000.00,306000.00,92.70,3340000.00,55000.00,28.60,-,-,-,-,-,-,193000.00,27900000000.00,-,-,-,-,178.00,60.00,29.20,-,4c56ffe1f5fd4fd6a27f265c1670ce93,32.20
PFC260x90,PFC,260.00,90.00,-,-,8.00,14.00,12.00,-,-,-,4440.00,47300000.00,364000.00,103.00,3530000.00,56300.00,28.20,-,-,-,-,-,-,206000.00,38000000000.00,-,-,-,-,208.00,56.60,27.40,-,8903a43e11254fc7a0af44548c5ef342,34.80
PFC300x100,PFC,300.00,100.00,-,-,9.00,16.50,12.00,-,-,-,5760.00,81700000.00,545000.00,119.00,5670000.00,81700.00,31.40,-,-,-,-,-,-,358000.00,81000000000.00,-,-,-,-,243.00,63.10,30.60,-,b688772840b4410994855191343d8766,45.40
EA25x25x3,EA,3.50,2.00,-,-,-,-,-,-,-,-,142.00,8000.00,448.00,7.49,-,-,-,13000.00,714.00,9.43,3000.00,324.00,4.83,476.00,-,-,-,-,-,-,-,-,-,abbffd84f1a64b66b6d723795ef5e5fb,1.11
EA25x25x5,EA,3.50,2.00,-,-,-,-,-,-,-,-,226.00,12000.00,708.00,7.30,-,-,-,19000.00,1070.00,9.14,5000.00,462.00,4.80,1980.00,-,-,-,-,-,-,-,-,-,e3cde17029364a9294fc2a24111f45d4,1.77
EA30x30x3,EA,5.00,2.50,-,-,-,-,-,-,-,-,174.00,14000.00,649.00,8.99,-,-,-,22000.00,1050.00,11.30,6000.00,496.00,5.81,635.00,-,-,-,-,-,-,-,-,-,c35e266249844f3d92dcd0ffeb9a4fc3,1.36
EA30x30x5,EA,5.00,2.50,-,-,-,-,-,-,-,-,278.00,22000.00,1040.00,8.83,-,-,-,34000.00,1610.00,11.10,9000.00,706.00,5.75,2580.00,-,-,-,-,-,-,-,-,-,e2e8f9a087fd4e4dad4523832760b15f,2.18
EA40x40x3,EA,6.00,3.00,-,-,-,-,-,-,-,-,235.00,35000.00,1180.00,12.10,-,-,-,55000.00,1930.00,15.30,14000.00,951.00,7.84,882.00,-,-,-,-,-,-,-,-,-,fcd00099fabe4c9d9885564a4b25577b,1.85
EA40x40x4,EA,6.00,3.00,-,-,-,-,-,-,-,-,308.00,45000.00,1550.00,12.10,-,-,-,71000.00,2510.00,15.20,19000.00,1170.00,7.77,1920.00,-,-,-,-,-,-,-,-,-,49ca50ffd24e4ecf9303b00517d3fe21,2.42
EA40x40x5,EA,6.00,3.00,-,-,-,-,-,-,-,-,379.00,54000.00,1910.00,12.00,-,-,-,86000.00,3040.00,15.10,23000.00,1380.00,7.73,3560.00,-,-,-,-,-,-,-,-,-,aac42cb530084598a21e1abeb8e095ba,2.97
EA40x40x6,EA,6.00,3.00,-,-,-,-,-,-,-,-,448.00,63000.00,2260.00,11.90,-,-,-,100000.00,3530.00,14.90,27000.00,1560.00,7.70,5920.00,-,-,-,-,-,-,-,-,-,826a3690666847a69179743c79b828af,3.52
EA45x45x3,EA,7.00,3.50,-,-,-,-,-,-,-,-,268.00,50000.00,1520.00,13.70,-,-,-,79000.00,2490.00,17.20,21000.00,1250.00,8.88,1060.00,-,-,-,-,-,-,-,-,-,a3dedfbdd89f4d5191d56b25f8bcc9a7,2.13
EA45x45x4,EA,7.00,3.50,-,-,-,-,-,-,-,-,349.00,64000.00,1970.00,13.60,-,-,-,102000.00,3200.00,17.10,27000.00,1530.00,8.76,2270.00,-,-,-,-,-,-,-,-,-,3d2b2f350dbf4175913d82eb4bd723d9,2.74
EA45x45x5,EA,7.00,3.50,-,-,-,-,-,-,-,-,430.00,78000.00,2430.00,13.50,-,-,-,124000.00,3900.00,17.00,33000.00,1800.00,8.71,4170.00,-,-,-,-,-,-,-,-,-,37083541b4f54ec2a32604e685e3db60,3.38
EA50x50x3,EA,7.00,3.50,-,-,-,-,-,-,-,-,298.00,70000.00,1890.00,15.30,-,-,-,110000.00,3120.00,19.20,29000.00,1580.00,9.92,1150.00,-,-,-,-,-,-,-,-,-,78ef793019d24d138f21eb22bfc13ce3,2.37
EA50x50x4,EA,7.00,3.50,-,-,-,-,-,-,-,-,389.00,90000.00,2460.00,15.20,-,-,-,142000.00,4020.00,19.10,37000.00,1940.00,9.79,2480.00,-,-,-,-,-,-,-,-,-,0d44517b35414455be2050f92dbb3745,3.06
EA50x50x5,EA,7.00,3.50,-,-,-,-,-,-,-,-,480.00,110000.00,3050.00,15.10,-,-,-,174000.00,4920.00,19.00,46000.00,2290.00,9.73,4580.00,-,-,-,-,-,-,-,-,-,9cdb499f5b6544109d1451eb815c3a87,3.77
EA50x50x6,EA,7.00,3.50,-,-,-,-,-,-,-,-,569.00,128000.00,3610.00,15.00,-,-,-,203000.00,5750.00,18.90,53000.00,2610.00,9.68,7620.00,-,-,-,-,-,-,-,-,-,8d9f075db10a4790acca700bfa22ba89,4.47
EA50x50x8,EA,7.00,3.50,-,-,-,-,-,-,-,-,741.00,163000.00,4680.00,14.80,-,-,-,257000.00,7270.00,18.60,69000.00,3190.00,9.63,17000.00,-,-,-,-,-,-,-,-,-,4fc26458930940e78b883bd66147a6cd,5.82
EA60x60x4,EA,8.00,4.00,-,-,-,-,-,-,-,-,471.00,158000.00,3590.00,18.30,-,-,-,250000.00,5900.00,23.00,66000.00,2920.00,11.80,3070.00,-,-,-,-,-,-,-,-,-,2100a447a7124662bd4aa5619d8c3d59,3.70
EA60x60x5,EA,8.00,4.00,-,-,-,-,-,-,-,-,582.00,194000.00,4450.00,18.20,-,-,-,307000.00,7240.00,23.00,80000.00,3450.00,11.70,5640.00,-,-,-,-,-,-,-,-,-,d10c5fb3cf1d4f8f81f03c88bc937489,4.57
EA60x60x6,EA,8.00,4.00,-,-,-,-,-,-,-,-,691.00,228000.00,5290.00,18.20,-,-,-,361000.00,8520.00,22.90,94000.00,3960.00,11.70,9360.00,-,-,-,-,-,-,-,-,-,2816702172344fbf96259ad600527476,5.42
EA60x60x8,EA,8.00,4.00,-,-,-,-,-,-,-,-,903.00,292000.00,6890.00,18.00,-,-,-,461000.00,10900.00,22.60,122000.00,4860.00,11.60,21000.00,-,-,-,-,-,-,-,-,-,f5c28a4a2e12411b92d476d4c1ea7a4d,7.09
EA60x60x10,EA,8.00,4.00,-,-,-,-,-,-,-,-,1110.00,349000.00,8410.00,17.80,-,-,-,551000.00,13000.00,22.30,148000.00,5670.00,11.60,39200.00,-,-,-,-,-,-,-,-,-,e80c7187dad04684831fbd8195d6022e,8.69
EA70x70x6,EA,9.00,4.50,-,-,-,-,-,-,-,-,813.00,369000.00,7270.00,21.30,-,-,-,585000.00,11800.00,26.80,153000.00,5600.00,13.70,11200.00,-,-,-,-,-,-,-,-,-,737beede3c5f4059ba596fc478ced840,6.38
EA70x70x8,EA,9.00,4.50,-,-,-,-,-,-,-,-,1060.00,475000.00,9520.00,21.10,-,-,-,753000.00,15200.00,26.60,197000.00,6920.00,13.60,25000.00,-,-,-,-,-,-,-,-,-,2835aca254b048fbaf04601f1b65a233,8.36
EA70x70x10,EA,9.00,4.50,-,-,-,-,-,-,-,-,1310.00,572000.00,11700.00,20.90,-,-,-,905000.00,18300.00,26.30,240000.00,8100.00,13.50,46800.00,-,-,-,-,-,-,-,-,-,2aaa0e5da7bd463c828a0df1648f7f88,10.30
EA80x80x6,EA,10.00,5.00,-,-,-,-,-,-,-,-,935.00,558000.00,9570.00,24.40,-,-,-,885000.00,15600.00,30.80,231000.00,7550.00,15.70,13000.00,-,-,-,-,-,-,-,-,-,cf7e52328c504a27b3f2fea22202522f,7.34
EA80x80x8,EA,10.00,5.00,-,-,-,-,-,-,-,-,1230.00,722000.00,12600.00,24.30,-,-,-,1150000.00,20300.00,30.60,299000.00,9370.00,15.60,29100.00,-,-,-,-,-,-,-,-,-,16fc4f4dff2f4291af4bd5877dd7afe1,9.63
EA80x80x10,EA,10.00,5.00,-,-,-,-,-,-,-,-,1510.00,875000.00,15400.00,24.10,-,-,-,1390000.00,24500.00,30.30,364000.00,11000.00,15.50,54500.00,-,-,-,-,-,-,-,-,-,21b005ea4a7e4e04b11af162911b95d5,11.90
EA80x80x12,EA,10.00,5.00,-,-,-,-,-,-,-,-,1790.00,1020000.00,18200.00,23.90,-,-,-,1610000.00,28400.00,30.00,427000.00,12500.00,15.50,91200.00,-,-,-,-,-,-,-,-,-,b1ba835a4d314d289dd043ff0744a884,14.00
EA90x90x6,EA,11.00,5.50,-,-,-,-,-,-,-,-,1060.00,803000.00,12200.00,27.60,-,-,-,1270000.00,20000.00,34.70,333000.00,9800.00,17.80,15000.00,-,-,-,-,-,-,-,-,-,b17cb87ffa15448eb33c6173170cea81,8.30
EA90x90x8,EA,11.00,5.50,-,-,-,-,-,-,-,-,1390.00,1040000.00,16100.00,27.40,-,-,-,1660000.00,26000.00,34.50,431000.00,12200.00,17.60,33300.00,-,-,-,-,-,-,-,-,-,7002157eb61346ed9126022e0db12f8f,10.90
EA90x90x10,EA,11.00,5.50,-,-,-,-,-,-,-,-,1710.00,1270000.00,19800.00,27.20,-,-,-,2010000.00,31600.00,34.30,526000.00,14400.00,17.50,62400.00,-,-,-,-,-,-,-,-,-,3407e21cd96b4317988b93af60f97b01,13.40
EA90x90x12,EA,11.00,5.50,-,-,-,-,-,-,-,-,2030.00,1480000.00,23300.00,27.00,-,-,-,2340000.00,36800.00,34.00,617000.00,16400.00,17.40,104000.00,-,-,-,-,-,-,-,-,-,305c1ed7b1044a2da2d8b9948a813262,15.90
EA100x100x8,EA,12.00,6.00,-,-,-,-,-,-,-,-,1550.00,1450000.00,19900.00,30.60,-,-,-,2300000.00,32500.00,38.50,599000.00,15500.00,19.60,37600.00,-,-,-,-,-,-,-,-,-,393a5de3e79540948dbb70d2c755b14e,12.20
EA100x100x10,EA,12.00,6.00,-,-,-,-,-,-,-,-,1920.00,1770000.00,24600.00,30.40,-,-,-,2800000.00,39600.00,38.30,730000.00,18300.00,19.50,70300.00,-,-,-,-,-,-,-,-,-,fdbe43e9f6d3499293ddb75c457b9957,15.00
EA100x100x12,EA,12.00,6.00,-,-,-,-,-,-,-,-,2270.00,2070000.00,29100.00,30.20,-,-,-,3280000.00,46300.00,38.00,857000.00,20900.00,19.40,118000.00,-,-,-,-,-,-,-,-,-,05dc1ddde7cd43e59c7a5f03e7a172f9,17.80
EA100x100x15,EA,12.00,6.00,-,-,-,-,-,-,-,-,2790.00,2490000.00,35600.00,29.80,-,-,-,3930000.00,55500.00,37.50,1040000.00,24400.00,19.30,221000.00,-,-,-,-,-,-,-,-,-,a3cf6e5bf968465187cd04091b973a83,21.90
EA120x120x8,EA,13.00,6.50,-,-,-,-,-,-,-,-,1870.00,2550000.00,29100.00,36.90,-,-,-,4050000.00,47800.00,46.50,1050000.00,23100.00,23.70,45400.00,-,-,-,-,-,-,-,-,-,a13f70272578430584e79bf81dd85bdd,14.70
EA120x120x10,EA,13.00,6.50,-,-,-,-,-,-,-,-,2320.00,3130000.00,36000.00,36.70,-,-,-,4970000.00,58600.00,46.30,1290000.00,27500.00,23.60,85100.00,-,-,-,-,-,-,-,-,-,3690c9bc57534d27b828b06323a198ad,18.20
EA120x120x12,EA,13.00,6.50,-,-,-,-,-,-,-,-,2750.00,3680000.00,42700.00,36.50,-,-,-,5840000.00,68800.00,46.00,1520000.00,31600.00,23.50,143000.00,-,-,-,-,-,-,-,-,-,cf912f485bb54d33b339a148ed10d0ad,21.60
EA120x120x15,EA,13.00,6.50,-,-,-,-,-,-,-,-,3390.00,4450000.00,52400.00,36.20,-,-,-,7050000.00,83100.00,45.60,1850000.00,37100.00,23.30,269000.00,-,-,-,-,-,-,-,-,-,bd5ab857de1c46e7a9285b1e94d041fe,26.60
EA150x150x10,EA,16.00,8.00,-,-,-,-,-,-,-,-,2930.00,6240000.00,56900.00,46.20,-,-,-,9910000.00,93400.00,58.20,2580000.00,45100.00,29.70,110000.00,-,-,-,-,-,-,-,-,-,524aa8655e994c5082dade43559c91be,23.00
EA150x150x12,EA,16.00,8.00,-,-,-,-,-,-,-,-,3480.00,7370000.00,67700.00,46.00,-,-,-,11700000.00,110000.00,58.00,3030000.00,52000.00,29.50,184000.00,-,-,-,-,-,-,-,-,-,68a2a12c2c5040828a89134de063343e,27.30
EA150x150x15,EA,16.00,8.00,-,-,-,-,-,-,-,-,4300.00,8980000.00,83500.00,45.70,-,-,-,14300000.00,134000.00,57.60,3700000.00,61600.00,29.30,347000.00,-,-,-,-,-,-,-,-,-,6da4f092c55d486f9b30115db4f38edd,33.80
EA150x150x18,EA,16.00,8.00,-,-,-,-,-,-,-,-,5100.00,10500000.00,98700.00,45.40,-,-,-,16600000.00,157000.00,57.10,4350000.00,70500.00,29.20,584000.00,-,-,-,-,-,-,-,-,-,e613917af83846c1a409bf04a31f72c6,40.10
EA200x200x16,EA,18.00,9.00,-,-,-,-,-,-,-,-,6180.00,23400000.00,162000.00,61.60,-,-,-,37200000.00,263000.00,77.60,9600000.00,123000.00,39.40,564000.00,-,-,-,-,-,-,-,-,-,7fbfb2fa65504f188284df97494f5eec,48.50
EA200x200x18,EA,18.00,9.00,-,-,-,-,-,-,-,-,6910.00,26000000.00,181000.00,61.30,-,-,-,41300000.00,292000.00,77.30,10700000.00,135000.00,39.30,790000.00,-,-,-,-,-,-,-,-,-,7f6feed545504963a22cca09834fd9ae,54.20
EA200x200x20,EA,18.00,9.00,-,-,-,-,-,-,-,-,7630.00,28500000.00,199000.00,61.10,-,-,-,45300000.00,320000.00,77.00,11700000.00,146000.00,39.20,1070000.00,-,-,-,-,-,-,-,-,-,b3264eab0a8e4960aefdbf830e1d9638,59.90
EA200x200x24,EA,18.00,9.00,-,-,-,-,-,-,-,-,9060.00,33300000.00,235000.00,60.60,-,-,-,52800000.00,374000.00,76.40,13800000.00,167000.00,39.00,1800000.00,-,-,-,-,-,-,-,-,-,5ac3f76dd73c4d3a9115e387728f5e31,71.10
UEA65x50x6,UEA,6.00,3.00,-,-,-,-,-,-,-,-,658.00,272000.00,6100.00,20.30,140000.00,3770.00,14.60,338000.00,7480.00,22.70,74000.00,3110.00,10.60,8440.00,-,-,-,-,-,-,-,12.90,20.40,409dec9f54d942a49ae2d6cd6e02cca9,5.16
UEA65x50x8,UEA,6.00,3.00,-,-,-,-,-,-,-,-,860.00,348000.00,7930.00,20.10,177000.00,4890.00,14.40,430000.00,9570.00,22.40,96000.00,3990.00,10.50,19100.00,-,-,-,-,-,-,-,13.70,21.10,c928c51d2f8a46709ec782490ebd4a4f,6.75
UEA75x50x6,UEA,7.00,3.50,-,-,-,-,-,-,-,-,719.00,405000.00,8010.00,23.70,144000.00,3810.00,14.20,466000.00,9100.00,25.50,84000.00,3170.00,10.80,9420.00,-,-,-,-,-,-,-,12.10,24.40,61aea18131a64cedbab4d62c2a1b666f,5.65
UEA75x50x8,UEA,7.00,3.50,-,-,-,-,-,-,-,-,941.00,520000.00,10400.00,23.50,184000.00,4950.00,14.00,596000.00,11700.00,25.20,108000.00,4100.00,10.70,21300.00,-,-,-,-,-,-,-,12.90,25.20,d423dcfd67df45b0ae568db1c66f427a,7.39
UEA80x60x6,UEA,8.00,4.00,-,-,-,-,-,-,-,-,811.00,514000.00,9290.00,25.20,248000.00,5490.00,17.50,628000.00,11300.00,27.80,134000.00,4580.00,12.90,10800.00,-,-,-,-,-,-,-,14.80,24.70,b51467149f0f4e3986238560b63a132e,6.37
UEA80x60x8,UEA,8.00,4.00,-,-,-,-,-,-,-,-,1060.00,663000.00,12200.00,25.00,318000.00,7160.00,17.30,808000.00,14600.00,27.60,173000.00,5910.00,12.70,24400.00,-,-,-,-,-,-,-,15.60,25.50,4302d8ad73c64c42ab222ec88a5d143b,8.34
UEA90x65x6,UEA,8.00,4.00,-,-,-,-,-,-,-,-,901.00,734000.00,11800.00,28.50,323000.00,6530.00,18.90,879000.00,14100.00,31.20,178000.00,5440.00,14.10,11900.00,-,-,-,-,-,-,-,15.60,27.90,a110c3f7a4e946dd81dba9cafd5cfdd7,7.07
UEA90x65x8,UEA,8.00,4.00,-,-,-,-,-,-,-,-,1180.00,949000.00,15500.00,28.30,415000.00,8540.00,18.70,1130000.00,18300.00,31.00,230000.00,7050.00,13.90,26900.00,-,-,-,-,-,-,-,16.40,28.80,5afb87297d4849adb9d2b5af21958288,9.29
UEA90x65x10,UEA,8.00,4.00,-,-,-,-,-,-,-,-,1460.00,1150000.00,19000.00,28.10,499000.00,10400.00,18.50,1370000.00,22200.00,30.70,279000.00,8580.00,13.80,50900.00,-,-,-,-,-,-,-,17.20,29.60,c35c9376e3ad4549a74e44ecacb77af7,11.40
UEA100x65x8,UEA,10.00,5.00,-,-,-,-,-,-,-,-,1270.00,1270000.00,18900.00,31.60,422000.00,8540.00,18.30,1440000.00,21200.00,33.70,248000.00,7140.00,14.00,29900.00,-,-,-,-,-,-,-,15.50,32.70,b1ff17df3d58455cb3636c69d75b327b,9.94
UEA100x65x10,UEA,10.00,5.00,-,-,-,-,-,-,-,-,1540.00,1540000.00,23200.00,31.40,510000.00,10500.00,18.10,1750000.00,25900.00,33.50,302000.00,8730.00,13.90,56200.00,-,-,-,-,-,-,-,16.30,33.60,0ddb4673c21347f6bfb47d03ec787de0,12.30
UEA100x75x6,UEA,10.00,5.00,-,-,-,-,-,-,-,-,1020.00,1020000.00,14700.00,31.60,495000.00,8670.00,22.00,1250000.00,17900.00,34.90,268000.00,7290.00,16.20,14100.00,-,-,-,-,-,-,-,17.90,30.10,06ce4b09ce61417792ab231f3d927f00,8.04
UEA100x75x8,UEA,10.00,5.00,-,-,-,-,-,-,-,-,1350.00,1330000.00,19300.00,31.40,641000.00,11400.00,21.80,1620000.00,23400.00,34.70,346000.00,9480.00,16.00,31600.00,-,-,-,-,-,-,-,18.70,31.00,98521755d55e45bb96f3e75bbc0c4da5,10.60
UEA100x75x10,UEA,10.00,5.00,-,-,-,-,-,-,-,-,1660.00,1620000.00,23800.00,31.20,776000.00,14000.00,21.60,1970000.00,28500.00,34.50,422000.00,11600.00,15.90,59500.00,-,-,-,-,-,-,-,19.50,31.90,6e40fb02d9b1447fa62613f826738cb1,13.00
UEA100x75x12,UEA,10.00,5.00,-,-,-,-,-,-,-,-,1970.00,1890000.00,28000.00,31.00,902000.00,16500.00,21.40,2300000.00,33300.00,34.20,495000.00,13500.00,15.90,99800.00,-,-,-,-,-,-,-,20.30,32.70,ca31950185494a40a4c030677c0c4edf,15.40
UEA125x75x8,UEA,11.00,5.50,-,-,-,-,-,-,-,-,1550.00,2470000.00,29600.00,40.00,676000.00,11600.00,20.90,2740000.00,32500.00,42.10,409000.00,9750.00,16.30,36700.00,-,-,-,-,-,-,-,16.80,41.40,f69213c09fc047268e30f2b63e2da602,12.20
UEA125x75x10,UEA,11.00,5.50,-,-,-,-,-,-,-,-,1910.00,3020000.00,36500.00,39.70,821000.00,14300.00,20.70,3340000.00,39900.00,41.80,499000.00,12000.00,16.10,69000.00,-,-,-,-,-,-,-,17.60,42.30,d51eb64dda4a404ba0ef3c4c3000773a,15.00
UEA125x75x12,UEA,11.00,5.50,-,-,-,-,-,-,-,-,2270.00,3540000.00,43200.00,39.50,955000.00,16900.00,20.50,3910000.00,46900.00,41.50,585000.00,14100.00,16.10,116000.00,-,-,-,-,-,-,-,18.40,43.10,7676f9995a834d35964df17c30735280,17.80
UEA150x75x10,UEA,11.00,5.50,-,-,-,-,-,-,-,-,2160.00,5010000.00,51800.00,48.10,858000.00,14600.00,19.90,5320000.00,54400.00,49.60,553000.00,12300.00,16.00,77400.00,-,-,-,-,-,-,-,16.10,53.20,9d9e252773d74909a9812793261f25a9,17.00
UEA150x75x12,UEA,11.00,5.50,-,-,-,-,-,-,-,-,2570.00,5890000.00,61400.00,47.90,999000.00,17200.00,19.70,6240000.00,64200.00,49.30,649000.00,14600.00,15.90,130000.00,-,-,-,-,-,-,-,16.90,54.10,8c2a417221484ad7bbabc941c7c782cb,20.20
UEA150x75x15,UEA,11.00,5.50,-,-,-,-,-,-,-,-,3160.00,7130000.00,75300.00,47.50,1200000.00,21000.00,19.40,7540000.00,78400.00,48.80,788000.00,17900.00,15.80,246000.00,-,-,-,-,-,-,-,18.10,55.30,2720b4a4421f487aa8b2597f5011e9ce,24.80
UEA150x90x10,UEA,12.00,6.00,-,-,-,-,-,-,-,-,2320.00,5330000.00,53300.00,48.00,1460000.00,21000.00,25.10,5910000.00,58500.00,50.50,883000.00,17500.00,19.50,83600.00,-,-,-,-,-,-,-,20.40,50.00,b9c9f81824aa4c60bd18e9dea8087399,18.20
UEA150x90x12,UEA,12.00,6.00,-,-,-,-,-,-,-,-,2750.00,6270000.00,63300.00,47.70,1710000.00,24800.00,24.90,6940000.00,69100.00,50.20,1040000.00,20700.00,19.40,141000.00,-,-,-,-,-,-,-,21.20,50.80,d602b43290314de6a90fe92c627cd906,21.60
UEA150x90x15,UEA,12.00,6.00,-,-,-,-,-,-,-,-,3390.00,7610000.00,77700.00,47.40,2050000.00,30400.00,24.60,8410000.00,84200.00,49.80,1260000.00,25300.00,19.30,266000.00,-,-,-,-,-,-,-,22.30,52.10,82b5ee7046e3423ea073c2e6be3be054,26.60
CHS60x3.0,CHS,-,-,-,60.0,3,-,-,-,-,-,537.00,219000.00,7290.00,20.20,-,-,-,-,-,-,-,-,-,438.00,-,9760.00,-,-,-,-,-,-,-,6c98d8fec15341618e7e65cf207b48d2,4.24
CHS60x3.5,CHS,-,-,-,60.0,3.5,-,-,-,-,-,621.00,249000.00,8290.00,20.00,-,-,-,-,-,-,-,-,-,498.00,-,11200.00,-,-,-,-,-,-,-,29fbbb73c37340b8be2ddded2ad264bf,4.90
CHS60x4.0,CHS,-,-,-,60.0,4.0,-,-,-,-,-,704.00,277000.00,9240.00,19.80,-,-,-,-,-,-,-,-,-,555.00,-,12600.00,-,-,-,-,-,-,-,c58dde0543274d2693e88d8fd7006807,5.55
CHS60x4.5,CHS,-,-,-,60.0,4.5,-,-,-,-,-,785.00,304000.00,10100.00,19.70,-,-,-,-,-,-,-,-,-,609.00,-,13900.00,-,-,-,-,-,-,-,b15288c645ee42c99a8abf6a2f88dab7,6.19
CHS63.5x3.0,CHS,-,-,-,63.5,3.0,-,-,-,-,-,565.00,255000.00,8100.00,21.20,-,-,-,-,-,-,-,-,-,511.00,-,10800.00,-,-,-,-,-,-,-,92c54be24cbc46be9e257cce490d2edd,4.48
CHS63.5x3.5,CHS,-,-,-,63.5,3.5,-,-,-,-,-,654.00,291000.00,9220.00,21.10,-,-,-,-,-,-,-,-,-,582.00,-,12400.00,-,-,-,-,-,-,-,d0b3253ddcbd44589c6affcdb7b1979c,5.18
CHS63.5x4.0,CHS,-,-,-,63.5,4.0,-,-,-,-,-,741.00,324000.00,10300.00,20.90,-,-,-,-,-,-,-,-,-,649.00,-,13900.00,-,-,-,-,-,-,-,b591205a13de496ab1df5277fd00b4a8,5.87
CHS63.5x4.5,CHS,-,-,-,63.5,4.5,-,-,-,-,-,827.00,356000.00,11300.00,20.70,-,-,-,-,-,-,-,-,-,713.00,-,15400.00,-,-,-,-,-,-,-,ec52a5ec9f8e4f57a2b2991045b1d1a3,6.55
CHS76.2x3.0,CHS,-,-,-,76.2,3.0,-,-,-,-,-,688.00,459000.00,12100.00,25.80,-,-,-,-,-,-,-,-,-,919.00,-,16000.00,-,-,-,-,-,-,-,61cf4221de2942e9b23c6cb2c620dd19,5.42
CHS76.2x3.5,CHS,-,-,-,76.2,3.5,-,-,-,-,-,797.00,525000.00,13800.00,25.70,-,-,-,-,-,-,-,-,-,1050.00,-,18400.00,-,-,-,-,-,-,-,5d5b163e9fd04568abc918b2bda1ba49,6.26
CHS76.2x4.0,CHS,-,-,-,76.2,4.0,-,-,-,-,-,905.00,588000.00,15500.00,25.50,-,-,-,-,-,-,-,-,-,1180.00,-,20800.00,-,-,-,-,-,-,-,887e92f78421490d8ea911bc65686cf6,7.17
CHS76.2x4.5,CHS,-,-,-,76.2,4.5,-,-,-,-,-,1010.00,648000.00,17100.00,25.30,-,-,-,-,-,-,-,-,-,1300.00,-,23000.00,-,-,-,-,-,-,-,072abb21ed834c30a4931ab523057ec8,7.96
CHS76.2x5.0,CHS,-,-,-,76.2,5.0,-,-,-,-,-,1120.00,706000.00,18600.00,25.20,-,-,-,-,-,-,-,-,-,1410.00,-,25200.00,-,-,-,-,-,-,-,4fbccd0850ad46f0931d8bd3751c8a80,8.78
CHS76.2x6.0,CHS,-,-,-,76.2,6,-,-,-,-,-,1320.00,814000.00,21400.00,24.80,-,-,-,-,-,-,-,-,-,1630.00,-,29500.00,-,-,-,-,-,-,-,0ce909e68f674a9a8336a45ef99614ac,10.40
CHS88.9x3.0,CHS,-,-,-,88.9,3.0,-,-,-,-,-,811.00,750000.00,16900.00,30.40,-,-,-,-,-,-,-,-,-,1500.00,-,22200.00,-,-,-,-,-,-,-,ce853860b0754c86baa43c2766f29f6a,6.36
CHS88.9x3.5,CHS,-,-,-,88.9,3.5,-,-,-,-,-,940.00,861000.00,19300.00,30.30,-,-,-,-,-,-,-,-,-,1720.00,-,25600.00,-,-,-,-,-,-,-,de05eef0da9a4c8aa4190748481ee82d,7.37
CHS88.9x4.0,CHS,-,-,-,88.9,4.0,-,-,-,-,-,1070.00,967000.00,21700.00,30.10,-,-,-,-,-,-,-,-,-,1940.00,-,28900.00,-,-,-,-,-,-,-,03900ed32ff847dc9d8ecf05556b4577,8.38
CHS88.9x4.5,CHS,-,-,-,88.9,4.5,-,-,-,-,-,1190.00,1070000.00,24000.00,29.90,-,-,-,-,-,-,-,-,-,2140.00,-,32200.00,-,-,-,-,-,-,-,afcd4ad9c2f84b5ba0cccfd440de38c1,9.37
CHS88.9x5.0,CHS,-,-,-,88.9,5.0,-,-,-,-,-,1320.00,1170000.00,26200.00,29.80,-,-,-,-,-,-,-,-,-,2340.00,-,35300.00,-,-,-,-,-,-,-,855183381e24422b9bb598d42e20b278,10.30
CHS88.9x6.0,CHS,-,-,-,88.9,6.0,-,-,-,-,-,1560.00,1350000.00,30400.00,29.40,-,-,-,-,-,-,-,-,-,2710.00,-,41400.00,-,-,-,-,-,-,-,337a9c89ba2d4267a45be72235890125,12.30
CHS101.6x3.0,CHS,-,-,-,101.6,3.0,-,-,-,-,-,933.00,1140000.00,22400.00,35.00,-,-,-,-,-,-,-,-,-,2290.00,-,29400.00,-,-,-,-,-,-,-,9b608628236941798dea8c397ae3c70d,7.29
CHS101.6x3.5,CHS,-,-,-,101.6,3.5,-,-,-,-,-,1080.00,1320000.00,25800.00,34.80,-,-,-,-,-,-,-,-,-,2630.00,-,34000.00,-,-,-,-,-,-,-,283288a027d74eb2b264d9c45cf72b87,8.47
CHS101.6x4.0,CHS,-,-,-,101.6,4.0,-,-,-,-,-,1230.00,1480000.00,29000.00,34.70,-,-,-,-,-,-,-,-,-,2960.00,-,38400.00,-,-,-,-,-,-,-,729e8406ad00466d96326d6e56c2ef57,9.63
CHS101.6x4.5,CHS,-,-,-,101.6,4.5,-,-,-,-,-,1380.00,1640000.00,32200.00,34.50,-,-,-,-,-,-,-,-,-,3290.00,-,42800.00,-,-,-,-,-,-,-,483d030561be496dbe27f99fb9e85e74,10.80
CHS101.6x5.0,CHS,-,-,-,101.6,5,-,-,-,-,-,1520.00,1800000.00,35200.00,34.30,-,-,-,-,-,-,-,-,-,3600.00,-,47100.00,-,-,-,-,-,-,-,5b52856de6464213a35653b3d18ebec4,11.90
CHS101.6x6.0,CHS,-,-,-,101.6,6,-,-,-,-,-,1810.00,2090000.00,41000.00,34.00,-,-,-,-,-,-,-,-,-,4190.00,-,55400.00,-,-,-,-,-,-,-,6b67f032c2974e49861a403bcefa4339,14.10
CHS114.3x3.0,CHS,-,-,-,114.3,3,-,-,-,-,-,1050.00,1610000.00,28300.00,39.30,-,-,-,-,-,-,-,-,-,3230.00,-,37000.00,-,-,-,-,-,-,-,08890ef367b146789db3f3db4537dd21,8.23
CHS114.3x3.5,CHS,-,-,-,114.3,3.5,-,-,-,-,-,1220.00,1860000.00,32600.00,39.10,-,-,-,-,-,-,-,-,-,3710.00,-,42800.00,-,-,-,-,-,-,-,3fb024ecf8b447efaba1ebdd50404309,9.56
CHS114.3x4.0,CHS,-,-,-,114.3,4.0,-,-,-,-,-,1380.00,2090000.00,36700.00,38.90,-,-,-,-,-,-,-,-,-,4190.00,-,48400.00,-,-,-,-,-,-,-,fc851e699b6244c998b3ed415ff9402e,10.90
CHS114.3x4.5,CHS,-,-,-,114.3,4.5,-,-,-,-,-,1550.00,2320000.00,40800.00,38.70,-,-,-,-,-,-,-,-,-,4650.00,-,54000.00,-,-,-,-,-,-,-,56cb81e9b1e14c56b1e25f7d13dbb290,12.60
CHS114.3x5.0,CHS,-,-,-,114.3,5.0,-,-,-,-,-,1710.00,2550000.00,44700.00,38.60,-,-,-,-,-,-,-,-,-,5100.00,-,59400.00,-,-,-,-,-,-,-,962a166c506d469c93929eb837a78a82,13.50
CHS114.3x6.0,CHS,-,-,-,114.3,6.0,-,-,-,-,-,2040.00,2980000.00,52200.00,38.20,-,-,-,-,-,-,-,-,-,5960.00,-,70100.00,-,-,-,-,-,-,-,bcb5c597f9774699b9b4e1f32188b162,16.00
CHS127x3.0,CHS,-,-,-,127.0,3,-,-,-,-,-,1170.00,2250000.00,35400.00,43.90,-,-,-,-,-,-,-,-,-,4500.00,-,46100.00,-,-,-,-,-,-,-,aad396ac7b0f451b8b452c9874203686,9.17
CHS127x3.5,CHS,-,-,-,127.0,3.5,-,-,-,-,-,1360.00,2590000.00,40800.00,43.70,-,-,-,-,-,-,-,-,-,5180.00,-,53400.00,-,-,-,-,-,-,-,6fc832fcd8674fe2b5d58399ef701cbf,10.70
CHS127x4.0,CHS,-,-,-,127.0,4.0,-,-,-,-,-,1550.00,2930000.00,46100.00,43.50,-,-,-,-,-,-,-,-,-,5850.00,-,60500.00,-,-,-,-,-,-,-,77110cb88fca498087ef22d6f43da7f0,12.10
CHS127x4.5,CHS,-,-,-,127.0,4.5,-,-,-,-,-,1730.00,3250000.00,51200.00,43.30,-,-,-,-,-,-,-,-,-,6510.00,-,67600.00,-,-,-,-,-,-,-,8ba145784a62467d8c87170c6b3d3360,13.60
CHS127x5.0,CHS,-,-,-,127.0,5.0,-,-,-,-,-,1920.00,3570000.00,56200.00,43.20,-,-,-,-,-,-,-,-,-,7150.00,-,74500.00,-,-,-,-,-,-,-,f8ec688d9f984e0cb52737bdc0fe7f99,15.00
CHS127x6.0,CHS,-,-,-,127.0,6.0,-,-,-,-,-,2280.00,4180000.00,65900.00,42.80,-,-,-,-,-,-,-,-,-,8380.00,-,87900.00,-,-,-,-,-,-,-,f9d7bfe1440145f6af01215c4587847b,17.90
CHS139.7x3.0,CHS,-,-,-,139.7,3,-,-,-,-,-,1290.00,3030000.00,43300.00,48.40,-,-,-,-,-,-,-,-,-,6060.00,-,56300.00,-,-,-,-,-,-,-,4da5720cdfce4e6998836b1432cdd613,10.10
CHS139.7x3.5,CHS,-,-,-,139.7,3.5,-,-,-,-,-,1500.00,3500000.00,50000.00,48.30,-,-,-,-,-,-,-,-,-,7000.00,-,65200.00,-,-,-,-,-,-,-,745eeb6d92164d24991bcaeaa69c3b43,11.80
CHS139.7x4.0,CHS,-,-,-,139.7,4,-,-,-,-,-,1710.00,3950000.00,56500.00,48.10,-,-,-,-,-,-,-,-,-,7910.00,-,74000.00,-,-,-,-,-,-,-,64644f35ea074217b7ab1d99000cd4f1,13.40
CHS139.7x4.5,CHS,-,-,-,139.7,4.5,-,-,-,-,-,1920.00,4400000.00,62900.00,47.90,-,-,-,-,-,-,-,-,-,8810.00,-,82700.00,-,-,-,-,-,-,-,5d7667dee6a2496ca3c38bc8cdae19ac,15.00
CHS139.7x5.0,CHS,-,-,-,139.7,5,-,-,-,-,-,2120.00,4840000.00,69100.00,47.80,-,-,-,-,-,-,-,-,-,9680.00,-,91200.00,-,-,-,-,-,-,-,e9f60f692c944ba7986df74e3a656020,16.60
CHS139.7x6.0,CHS,-,-,-,139.7,6,-,-,-,-,-,2530.00,5680000.00,81200.00,47.40,-,-,-,-,-,-,-,-,-,11400.00,-,108000.00,-,-,-,-,-,-,-,6b3912d1bd3c49edaeb327c33f62b267,19.80
CHS152.4x3.0,CHS,-,-,-,152.4,3,-,-,-,-,-,1400.00,3900000.00,51200.00,52.70,-,-,-,-,-,-,-,-,-,7800.00,-,66600.00,-,-,-,-,-,-,-,769180dbdf634004848e650104e8b5cd,11.10
CHS152.4x3.5,CHS,-,-,-,152.4,3.5,-,-,-,-,-,1630.00,4500000.00,59300.00,52.50,-,-,-,-,-,-,-,-,-,9010.00,-,77200.00,-,-,-,-,-,-,-,977c8866266341cca67d6caae42779bb,12.90
CHS152.4x4.0,CHS,-,-,-,152.4,4,-,-,-,-,-,1860.00,5100000.00,67100.00,52.30,-,-,-,-,-,-,-,-,-,10200.00,-,87600.00,-,-,-,-,-,-,-,2db4a9bf2f184aebba6c1268fa107a5b,14.60
CHS152.4x4.5,CHS,-,-,-,152.4,4.5,-,-,-,-,-,2090.00,5680000.00,74700.00,52.20,-,-,-,-,-,-,-,-,-,11400.00,-,97900.00,-,-,-,-,-,-,-,190fb46fc8374efe97bcbf9095d3face,16.40
CHS152.4x5.0,CHS,-,-,-,152.4,5,-,-,-,-,-,2310.00,6240000.00,82200.00,52.00,-,-,-,-,-,-,-,-,-,12500.00,-,108000.00,-,-,-,-,-,-,-,bb14bee7f38f46a9aa22d500a90a966e,18.20
CHS152.4x6.0,CHS,-,-,-,152.4,6,-,-,-,-,-,2750.00,7350000.00,96600.00,51.70,-,-,-,-,-,-,-,-,-,14700.00,-,128000.00,-,-,-,-,-,-,-,efef3a1d7d584488ba31e5cd768b26f5,21.70
CHS165.1x3.0,CHS,-,-,-,165.1,3.0,-,-,-,-,-,1530.00,5010000.00,60700.00,57.30,-,-,-,-,-,-,-,-,-,10000.00,-,78700.00,-,-,-,-,-,-,-,efbfef2be8774c529daee550e4af47bd,12.00
CHS165.1x3.5,CHS,-,-,-,165.1,3.5,-,-,-,-,-,1780.00,5790000.00,70200.00,57.10,-,-,-,-,-,-,-,-,-,11600.00,-,91300.00,-,-,-,-,-,-,-,d7cfeb9d681a46529dd30b9d66a7aa78,13.90
CHS165.1x4.0,CHS,-,-,-,165.1,4.0,-,-,-,-,-,2020.00,6560000.00,79500.00,56.90,-,-,-,-,-,-,-,-,-,13100.00,-,104000.00,-,-,-,-,-,-,-,28fd96e11a844182bae84237433dbef8,15.90
CHS165.1x4.5,CHS,-,-,-,165.1,4.5,-,-,-,-,-,2270.00,7310000.00,88600.00,56.80,-,-,-,-,-,-,-,-,-,14600.00,-,116000.00,-,-,-,-,-,-,-,ee18a419100e4a06b4656d486c9a5157,17.80
CHS165.1x5.0,CHS,-,-,-,165.1,5.0,-,-,-,-,-,2510.00,8050000.00,97600.00,56.60,-,-,-,-,-,-,-,-,-,16100.00,-,128000.00,-,-,-,-,-,-,-,aaa28892f8924719a82ba75b97702de6,19.70
CHS165.1x6.0,CHS,-,-,-,165.1,6.0,-,-,-,-,-,3000.00,9480000.00,115000.00,56.30,-,-,-,-,-,-,-,-,-,19000.00,-,152000.00,-,-,-,-,-,-,-,37a616f61e1349088d52b7fd52972bdf,23.50
CHS177.8x3.5,CHS,-,-,-,177.8,3.5,-,-,-,-,-,1920.00,7310000.00,82100.00,61.70,-,-,-,-,-,-,-,-,-,14600.00,-,107000.00,-,-,-,-,-,-,-,ea00055c2a6b40fab05c83085222c44b,15.00
CHS177.8x4.0,CHS,-,-,-,177.8,4.0,-,-,-,-,-,2190.00,8280000.00,93000.00,61.50,-,-,-,-,-,-,-,-,-,16600.00,-,121000.00,-,-,-,-,-,-,-,3fba2f723eaa4eaf9d34b982dfcd20a6,17.10
CHS177.8x4.5,CHS,-,-,-,177.8,4.5,-,-,-,-,-,2450.00,9240000.00,104000.00,61.40,-,-,-,-,-,-,-,-,-,18500.00,-,135000.00,-,-,-,-,-,-,-,2e4e6e0988f64aaf903e9039f8bf3f4b,19.20
CHS177.8x5.0,CHS,-,-,-,177.8,5.0,-,-,-,-,-,2720.00,10200000.00,114000.00,61.20,-,-,-,-,-,-,-,-,-,20400.00,-,150000.00,-,-,-,-,-,-,-,228e55e612274918a7865c5d94b27a16,21.30
CHS177.8x6.0,CHS,-,-,-,177.8,6.0,-,-,-,-,-,3240.00,12000000.00,135000.00,60.80,-,-,-,-,-,-,-,-,-,24000.00,-,178000.00,-,-,-,-,-,-,-,afb1e7da3a744fd783bbbbf51406b1b2,25.40
CHS193.7x3.5,CHS,-,-,-,193.7,3.5,-,-,-,-,-,2090.00,9510000.00,98000.00,67.40,-,-,-,-,-,-,-,-,-,19000.00,-,127000.00,-,-,-,-,-,-,-,5de937beebc64b62be7f4c53df796231,16.40
CHS193.7x4.5,CHS,-,-,-,193.7,4.5,-,-,-,-,-,2680.00,12000000.00,124000.00,67.00,-,-,-,-,-,-,-,-,-,24100.00,-,162000.00,-,-,-,-,-,-,-,decddeba65244243b3e722e98fbaa4fe,21.00
CHS193.7x6.0,CHS,-,-,-,193.7,6.0,-,-,-,-,-,3540.00,15700000.00,162000.00,66.50,-,-,-,-,-,-,-,-,-,31400.00,-,212000.00,-,-,-,-,-,-,-,86365096553d4a038aa5e2da2d49c554,27.80
CHS219.1x3.5,CHS,-,-,-,219.1,3.5,-,-,-,-,-,2370.00,13800000.00,126000.00,76.20,-,-,-,-,-,-,-,-,-,27500.00,-,163000.00,-,-,-,-,-,-,-,2be38798dc1d417c81a619f0d7125d12,18.60
CHS219.1x4.5,CHS,-,-,-,219.1,4.5,-,-,-,-,-,3030.00,17400000.00,159000.00,75.90,-,-,-,-,-,-,-,-,-,34900.00,-,207000.00,-,-,-,-,-,-,-,655e0155b8ff4670ad2879aa4114e917,23.80
CHS219.1x6.0,CHS,-,-,-,219.1,6.0,-,-,-,-,-,4010.00,22800000.00,208000.00,75.30,-,-,-,-,-,-,-,-,-,45600.00,-,272000.00,-,-,-,-,-,-,-,21277b85074a478c98c6ea8e20940b05,31.50
CHS219.1x8.0,CHS,-,-,-,219.1,8.0,-,-,-,-,-,5300.00,29600000.00,270000.00,74.70,-,-,-,-,-,-,-,-,-,59100.00,-,356000.00,-,-,-,-,-,-,-,a9b2b8b734da47398a833de23e8a6ab5,41.60
CHS219.1x10.0,CHS,-,-,-,219.1,10.0,-,-,-,-,-,6570.00,35900000.00,328000.00,74.00,-,-,-,-,-,-,-,-,-,71900.00,-,437000.00,-,-,-,-,-,-,-,896cfab4ecac4fa88c2077ed1f21c891,51.60
CHS273x4.5,CHS,-,-,-,273.0,4.5,-,-,-,-,-,3800.00,34200000.00,251000.00,94.90,-,-,-,-,-,-,-,-,-,68400.00,-,324000.00,-,-,-,-,-,-,-,f2b8eeb2f1f345eda10313e2100a635e,29.80
CHS273x6.0,CHS,-,-,-,273.0,6.0,-,-,-,-,-,5030.00,44900000.00,329000.00,94.40,-,-,-,-,-,-,-,-,-,89800.00,-,428000.00,-,-,-,-,-,-,-,4e5d9b002ef249eabc59f01bd2bd6bf2,39.50
CHS273x8.0,CHS,-,-,-,273.0,8.0,-,-,-,-,-,6660.00,58500000.00,429000.00,93.70,-,-,-,-,-,-,-,-,-,117000.00,-,562000.00,-,-,-,-,-,-,-,7af89b1d5f564ce888c075905426bac8,52.30
CHS273x10.0,CHS,-,-,-,273.0,10.0,-,-,-,-,-,8260.00,71500000.00,524000.00,93.10,-,-,-,-,-,-,-,-,-,143000.00,-,692000.00,-,-,-,-,-,-,-,cd117ab5d48a44278843342f35e693fd,64.90
CHS273x12.0,CHS,-,-,-,273.0,12.0,-,-,-,-,-,9840.00,84000000.00,615000.00,92.40,-,-,-,-,-,-,-,-,-,168000.00,-,818000.00,-,-,-,-,-,-,-,c606de8cdbe2489bb509a9cd1d9e16d0,77.20
CHS324x4.5,CHS,-,-,-,324.0,4.5,-,-,-,-,-,4520.00,57600000.00,356000.00,113.00,-,-,-,-,-,-,-,-,-,115000.00,-,459000.00,-,-,-,-,-,-,-,325f7252f6ea40c9b87f23d9777eb986,35.50
CHS324x6.0,CHS,-,-,-,324.0,6.0,-,-,-,-,-,5990.00,75800000.00,468000.00,112.00,-,-,-,-,-,-,-,-,-,152000.00,-,607000.00,-,-,-,-,-,-,-,df6e23387ee64753b7847360acec9693,47.10
CHS324x8.0,CHS,-,-,-,324.0,8.0,-,-,-,-,-,7940.00,99200000.00,612000.00,112.00,-,-,-,-,-,-,-,-,-,198000.00,-,799000.00,-,-,-,-,-,-,-,30157e6dc9da4b128beddf3816d09bfd,62.30
CHS324x10.0,CHS,-,-,-,324.0,10.0,-,-,-,-,-,9860.00,122000000.00,751000.00,111.00,-,-,-,-,-,-,-,-,-,243000.00,-,986000.00,-,-,-,-,-,-,-,ec9597b365104193be7112ff936a439e,77.40
CHS324x12.0,CHS,-,-,-,324.0,12.0,-,-,-,-,-,11800.00,143000000.00,885000.00,110.00,-,-,-,-,-,-,-,-,-,287000.00,-,1170000.00,-,-,-,-,-,-,-,8f6f2addeb0347e29bc293dd7bdec0ae,92.30
CHS356x4.5,CHS,-,-,-,356.0,4.5,-,-,-,-,-,4970.00,76800000.00,431000.00,124.00,-,-,-,-,-,-,-,-,-,154000.00,-,556000.00,-,-,-,-,-,-,-,2f05a5f246654f20a355ad16d27c26f7,39.00
CHS356x6.0,CHS,-,-,-,356.0,6.0,-,-,-,-,-,6600.00,101000000.00,568000.00,124.00,-,-,-,-,-,-,-,-,-,202000.00,-,735000.00,-,-,-,-,-,-,-,ee5102fbf04d4cfb93d4717b7d7e9c61,51.80
CHS356x8.0,CHS,-,-,-,356.0,8.0,-,-,-,-,-,8750.00,132000000.00,744000.00,123.00,-,-,-,-,-,-,-,-,-,265000.00,-,969000.00,-,-,-,-,-,-,-,ac42569dd2fc493e9197c326f8571476,68.70
CHS356x10.0,CHS,-,-,-,356.0,10.0,-,-,-,-,-,10900.00,163000000.00,915000.00,122.00,-,-,-,-,-,-,-,-,-,326000.00,-,1200000.00,-,-,-,-,-,-,-,9c443f5f61b64212a34f2bb10c92666f,85.30
CHS356x12.0,CHS,-,-,-,356.0,12.0,-,-,-,-,-,13000.00,192000000.00,1080000.00,122.00,-,-,-,-,-,-,-,-,-,384000.00,-,1420000.00,-,-,-,-,-,-,-,aa5abae3fa8d4cc7b794bd5170440015,102.00
CHS406x4.5,CHS,-,-,-,406.0,4.5,-,-,-,-,-,5680.00,114000000.00,563000.00,142.00,-,-,-,-,-,-,-,-,-,229000.00,-,725000.00,-,-,-,-,-,-,-,97a35811ebc648bf9397508387fc62be,44.60
CHS406x6.0,CHS,-,-,-,406.0,6.0,-,-,-,-,-,7540.00,151000000.00,743000.00,141.00,-,-,-,-,-,-,-,-,-,302000.00,-,960000.00,-,-,-,-,-,-,-,0685f98e45ec4c2a869ded00968de5fc,59.20
CHS406x8.0,CHS,-,-,-,406.0,8.0,-,-,-,-,-,10000.00,198000000.00,976000.00,141.00,-,-,-,-,-,-,-,-,-,396000.00,-,1270000.00,-,-,-,-,-,-,-,76af0b002eff4e78afd0845926782c80,78.50
CHS406x10.0,CHS,-,-,-,406.0,10.0,-,-,-,-,-,12400.00,244000000.00,1200000.00,140.00,-,-,-,-,-,-,-,-,-,488000.00,-,1570000.00,-,-,-,-,-,-,-,eadfe1455e3545288debc7eb99ccc8e4,97.70
CHS406x12.0,CHS,-,-,-,406.0,12.0,-,-,-,-,-,14900.00,288000000.00,1420000.00,139.00,-,-,-,-,-,-,-,-,-,577000.00,-,1860000.00,-,-,-,-,-,-,-,672691c2ca294eda92370e5304378d0a,117.00
CHS457x4.5,CHS,-,-,-,457.0,4.5,-,-,-,-,-,6400.00,164000000.00,717000.00,160.00,-,-,-,-,-,-,-,-,-,328000.00,-,921000.00,-,-,-,-,-,-,-,4c1511eea4d14d16a76787b86125e69b,50.20
CHS457x6.0,CHS,-,-,-,457.0,6.0,-,-,-,-,-,8500.00,216000000.00,946000.00,159.00,-,-,-,-,-,-,-,-,-,432000.00,-,1220000.00,-,-,-,-,-,-,-,d6efee307f2f4baab781496782fb79e5,66.70
CHS457x8.0,CHS,-,-,-,457.0,8.0,-,-,-,-,-,11300.00,284000000.00,1240000.00,159.00,-,-,-,-,-,-,-,-,-,569000.00,-,1610000.00,-,-,-,-,-,-,-,c4675529877c478abbf7c5e9947b4fb9,88.60
CHS457x10.0,CHS,-,-,-,457.0,10.0,-,-,-,-,-,14000.00,351000000.00,1540000.00,158.00,-,-,-,-,-,-,-,-,-,702000.00,-,2000000.00,-,-,-,-,-,-,-,6eb55cf60305480cb8d5fb76e23bd226,110.00
CHS457x12.0,CHS,-,-,-,457.0,12.0,-,-,-,-,-,16800.00,416000000.00,1820000.00,157.00,-,-,-,-,-,-,-,-,-,831000.00,-,2380000.00,-,-,-,-,-,-,-,8170cc00ac6e47eb9db069c7a1c6ba64,132.00
CHS508x4.5,CHS,-,-,-,508.0,4.5,-,-,-,-,-,7120.00,226000000.00,888000.00,178.00,-,-,-,-,-,-,-,-,-,451000.00,-,1140000.00,-,-,-,-,-,-,-,ccd571b6d3e5466bb9ae1b7091645fb2,55.90
CHS508x6.0,CHS,-,-,-,508.0,6.0,-,-,-,-,-,9460.00,298000000.00,1170000.00,177.00,-,-,-,-,-,-,-,-,-,596000.00,-,1510000.00,-,-,-,-,-,-,-,087c8279c8d24e3398b3fa3ce69a5480,74.30
CHS508x8.0,CHS,-,-,-,508.0,8.0,-,-,-,-,-,12600.00,393000000.00,1550000.00,177.00,-,-,-,-,-,-,-,-,-,786000.00,-,2000000.00,-,-,-,-,-,-,-,a1a82588cd994caf870e1d826794707a,98.60
CHS508x10.0,CHS,-,-,-,508.0,10.0,-,-,-,-,-,15600.00,485000000.00,1910000.00,176.00,-,-,-,-,-,-,-,-,-,971000.00,-,2480000.00,-,-,-,-,-,-,-,b1f70be281e14ed1a150b6aa0e20a365,123.00
CHS508x12.0,CHS,-,-,-,508.0,12.0,-,-,-,-,-,18700.00,575000000.00,2270000.00,175.00,-,-,-,-,-,-,-,-,-,1150000.00,-,2950000.00,-,-,-,-,-,-,-,c41e15f8d7014ac2af7bed2b15e4fc9f,147.00
SHS50x50x3.0,SHS,50,50,-,-,3.0,-,-,-,-,-,533.00,190000.00,7590.00,18.90,-,-,-,-,-,-,-,-,-,322.00,-,9170.00,-,-,-,-,-,-,-,fe1db9ee98d34bd88a3ab95473079edb,4.48
SHS50x50x3.5,SHS,50,50,-,-,3.5,-,-,-,-,-,609.00,211000.00,8430.00,18.60,-,-,-,-,-,-,-,-,-,364.00,-,10300.00,-,-,-,-,-,-,-,a958cc3ccf734a87916734197d717e21,5.18
SHS50x50x4.0,SHS,50,50,-,-,4.0,-,-,-,-,-,681.00,229000.00,9150.00,18.30,-,-,-,-,-,-,-,-,-,403.00,-,11400.00,-,-,-,-,-,-,-,7783dbae0cc145e59953c7834654fcf2,5.87
SHS50x50x4.5,SHS,50,50,-,-,4.5,-,-,-,-,-,750.00,244000.00,9770.00,18.00,-,-,-,-,-,-,-,-,-,438.00,-,12300.00,-,-,-,-,-,-,-,f75f2171778e4f069661acb64dabdfd0,6.55
SHS60x60x3.0,SHS,60,60,-,-,3.0,-,-,-,-,-,653.00,344000.00,11500.00,23.00,-,-,-,-,-,-,-,-,-,573.00,-,13700.00,-,-,-,-,-,-,-,d40f722d84484192a38740171eba9f88,5.42
SHS60x60x3.5,SHS,60,60,-,-,3.5,-,-,-,-,-,749.00,386000.00,12900.00,22.70,-,-,-,-,-,-,-,-,-,652.00,-,15500.00,-,-,-,-,-,-,-,dcf192750f494950bca68b434aac6fe9,6.28
SHS60x60x4.0,SHS,60,60,-,-,4.0,-,-,-,-,-,841.00,423000.00,14100.00,22.40,-,-,-,-,-,-,-,-,-,727.00,-,17200.00,-,-,-,-,-,-,-,5026286517644730aef9bb6c8a45a34c,7.12
SHS60x60x4.5,SHS,60,60,-,-,4.5,-,-,-,-,-,929.00,456000.00,15200.00,22.20,-,-,-,-,-,-,-,-,-,796.00,-,18800.00,-,-,-,-,-,-,-,3a2f5a7bcf3740b4ad68416f50ee3780,7.96
SHS63x63x3.0,SHS,63,63,-,-,3.0,-,-,-,-,-,689.00,403000.00,12800.00,24.20,-,-,-,-,-,-,-,-,-,668.00,-,15300.00,-,-,-,-,-,-,-,a22d664a0b6f4e9ab5e0cd235982eee7,5.70
SHS63x63x3.5,SHS,63,63,-,-,3.5,-,-,-,-,-,791.00,453000.00,14400.00,23.90,-,-,-,-,-,-,-,-,-,761.00,-,17300.00,-,-,-,-,-,-,-,6bf02ed8be29438b949764d4de5a311c,6.60
SHS63x63x4.0,SHS,63,63,-,-,4.0,-,-,-,-,-,889.00,498000.00,15800.00,23.70,-,-,-,-,-,-,-,-,-,850.00,-,19200.00,-,-,-,-,-,-,-,78a0402664ad4b4483a9d8fc99b6cef6,7.50
SHS63x63x4.5,SHS,63,63,-,-,4.5,-,-,-,-,-,984.00,538000.00,17100.00,23.40,-,-,-,-,-,-,-,-,-,932.00,-,21000.00,-,-,-,-,-,-,-,3f9d0354eb694a0185d847d43af2729f,8.38
SHS75x75x3.0,SHS,75,75,-,-,3.0,-,-,-,-,-,833.00,705000.00,18800.00,29.10,-,-,-,-,-,-,-,-,-,1150.00,-,22200.00,-,-,-,-,-,-,-,0e7aaeb2bae84b33822504357802fbbd,6.81
SHS75x75x3.5,SHS,75,75,-,-,3.5,-,-,-,-,-,959.00,797000.00,21300.00,28.80,-,-,-,-,-,-,-,-,-,1320.00,-,25300.00,-,-,-,-,-,-,-,7bd041494242484ca45c68105d6affd8,7.90
SHS75x75x4.0,SHS,75,75,-,-,4.0,-,-,-,-,-,1080.00,882000.00,23500.00,28.60,-,-,-,-,-,-,-,-,-,1480.00,-,28200.00,-,-,-,-,-,-,-,94ee1c0966a54370bd20bcac32b32c54,8.98
SHS75x75x4.5,SHS,75,75,-,-,4.5,-,-,-,-,-,1200.00,961000.00,25600.00,28.30,-,-,-,-,-,-,-,-,-,1630.00,-,31000.00,-,-,-,-,-,-,-,b3ed4557f14845f0b09db1fa63be7c51,10.00
SHS75x75x5.0,SHS,75,75,-,-,5.0,-,-,-,-,-,1310.00,1030000.00,27500.00,28.00,-,-,-,-,-,-,-,-,-,1770.00,-,33600.00,-,-,-,-,-,-,-,0162c34ad6f64893a14f7dd2a097be19,11.10
SHS100x100x3.0,SHS,100,100,-,-,3.0,-,-,-,-,-,1130.00,1750000.00,35000.00,39.30,-,-,-,-,-,-,-,-,-,2800.00,-,40800.00,-,-,-,-,-,-,-,2cd6b7b57e2946d8817d7f3ee0cbbc32,9.17
SHS100x100x3.5,SHS,100,100,-,-,3.5,-,-,-,-,-,1310.00,2000000.00,39900.00,39.10,-,-,-,-,-,-,-,-,-,3220.00,-,46800.00,-,-,-,-,-,-,-,e7dfd4272323419887fc8b577b4cea16,10.70
SHS100x100x4.0,SHS,100,100,-,-,4.0,-,-,-,-,-,1480.00,2230000.00,44600.00,38.80,-,-,-,-,-,-,-,-,-,3630.00,-,52600.00,-,-,-,-,-,-,-,cc56dfc70a604d318b1c3c49716e18b4,12.10
SHS100x100x4.5,SHS,100,100,-,-,4.5,-,-,-,-,-,1650.00,2450000.00,49000.00,38.50,-,-,-,-,-,-,-,-,-,4030.00,-,58200.00,-,-,-,-,-,-,-,78959f230fb84dd29242cbd6662c85ff,13.60
SHS100x100x5.0,SHS,100,100,-,-,5.0,-,-,-,-,-,1810.00,2660000.00,53100.00,38.30,-,-,-,-,-,-,-,-,-,4420.00,-,63500.00,-,-,-,-,-,-,-,25c0b40c13d2403abbabea969d1e613c,15.00
SHS100x100x6.0,SHS,100,100,-,-,6.0,-,-,-,-,-,2130.00,3040000.00,60700.00,37.70,-,-,-,-,-,-,-,-,-,5150.00,-,73500.00,-,-,-,-,-,-,-,23d5c5f8cb8d4a5a9022caaba446c193,17.90
SHS120x120x3.0,SHS,120,120,-,-,3.0,-,-,-,-,-,1370.00,3100000.00,51600.00,47.50,-,-,-,-,-,-,-,-,-,4890.00,-,59800.00,-,-,-,-,-,-,-,99f6f9cd31c346faa07e0462a0bb2faf,11.10
SHS120x120x3.5,SHS,120,120,-,-,3.5,-,-,-,-,-,1590.00,3540000.00,59100.00,47.20,-,-,-,-,-,-,-,-,-,5650.00,-,68800.00,-,-,-,-,-,-,-,34d525a66a7f481d90a18e798915905a,12.90
SHS120x120x4.0,SHS,120,120,-,-,4.0,-,-,-,-,-,1800.00,3970000.00,66200.00,47.00,-,-,-,-,-,-,-,-,-,6390.00,-,77500.00,-,-,-,-,-,-,-,773b7e1246004a6fa221282675c4f296,14.60
SHS120x120x4.5,SHS,120,120,-,-,4.5,-,-,-,-,-,2010.00,4380000.00,73100.00,46.70,-,-,-,-,-,-,-,-,-,7110.00,-,86000.00,-,-,-,-,-,-,-,0e45c56309364ca1869a68d61845bc9e,16.40
SHS120x120x5.0,SHS,120,120,-,-,5.0,-,-,-,-,-,2210.00,4780000.00,79600.00,46.40,-,-,-,-,-,-,-,-,-,7820.00,-,94200.00,-,-,-,-,-,-,-,9099ae72340e4d7fbe2f42987b62bd54,18.20
SHS120x120x6.0,SHS,120,120,-,-,6.0,-,-,-,-,-,2610.00,5510000.00,91800.00,45.90,-,-,-,-,-,-,-,-,-,9160.00,-,110000.00,-,-,-,-,-,-,-,9c000f45642c4f10b27409e020ea0f5e,21.70
SHS152x152x3.5,SHS,152,152,-,-,3.5,-,-,-,-,-,2040.00,7410000.00,97400.00,60.30,-,-,-,-,-,-,-,-,-,11700.00,-,113000.00,-,-,-,-,-,-,-,75bce5ccbd2f4609ba4c830eb6571317,16.40
SHS152x152x4.5,SHS,152,152,-,-,4.5,-,-,-,-,-,2590.00,9240000.00,122000.00,59.80,-,-,-,-,-,-,-,-,-,14800.00,-,142000.00,-,-,-,-,-,-,-,0e7f69a4abca42acbe145b2ba32a9ea6,21.00
SHS152x152x6.0,SHS,152,152,-,-,6.0,-,-,-,-,-,3330.00,11300000.00,150000.00,58.20,-,-,-,-,-,-,-,-,-,18400.00,-,178000.00,-,-,-,-,-,-,-,03e44ee73d2a4a968f45a7e4b5e0e67b,27.80
SHS152x152x8.0,SHS,152,152,-,-,8.0,-,-,-,-,-,4390.00,14700000.00,194000.00,58.00,-,-,-,-,-,-,-,-,-,24600.00,-,233000.00,-,-,-,-,-,-,-,4a3ce1d7b5874918a0a75ac46d80f823,36.60
SHS152x152x10.0,SHS,152,152,-,-,10.0,-,-,-,-,-,5340.00,17300000.00,227000.00,56.90,-,-,-,-,-,-,-,-,-,29600.00,-,277000.00,-,-,-,-,-,-,-,d512956d0a414bf2a457d0a83ba9d2e2,45.30
SHS180x180x4.5,SHS,180,180,-,-,4.5,-,-,-,-,-,3090.00,15700000.00,174000.00,71.20,-,-,-,-,-,-,-,-,-,24800.00,-,202000.00,-,-,-,-,-,-,-,0586aab0fc3546f0b59665714db4de4a,23.80
SHS180x180x6.0,SHS,180,180,-,-,6.0,-,-,-,-,-,4050.00,20100000.00,223000.00,70.50,-,-,-,-,-,-,-,-,-,32400.00,-,262000.00,-,-,-,-,-,-,-,fd1cc670a5bc4bb2b3cf75b559fb267e,31.50
SHS180x180x8.0,SHS,180,180,-,-,8.0,-,-,-,-,-,5280.00,25500000.00,283000.00,69.40,-,-,-,-,-,-,-,-,-,41900.00,-,336000.00,-,-,-,-,-,-,-,b949a7676f5e4c95bb9e38430d3ce84d,41.60
SHS180x180x10.0,SHS,180,180,-,-,10.0,-,-,-,-,-,6460.00,30200000.00,335000.00,68.40,-,-,-,-,-,-,-,-,-,50700.00,-,404000.00,-,-,-,-,-,-,-,0db80f0d115c492498312c1b7580d169,51.60
SHS225x225x4.5,SHS,225,225,-,-,4.5,-,-,-,-,-,3900.00,31300000.00,278000.00,89.60,-,-,-,-,-,-,-,-,-,49000.00,-,320000.00,-,-,-,-,-,-,-,c15c2276682642759bfb1611772f13b4,29.80
SHS225x225x6.0,SHS,225,225,-,-,6.0,-,-,-,-,-,5130.00,40500000.00,360000.00,88.80,-,-,-,-,-,-,-,-,-,64300.00,-,418000.00,-,-,-,-,-,-,-,9311229c0fe44ccab0882734a4e32cda,39.50
SHS225x225x8.0,SHS,225,225,-,-,8.0,-,-,-,-,-,6720.00,51800000.00,461000.00,87.80,-,-,-,-,-,-,-,-,-,83800.00,-,541000.00,-,-,-,-,-,-,-,95904acca2ce438682a6829b2c39b903,52.30
SHS225x225x10.0,SHS,225,225,-,-,10.0,-,-,-,-,-,8260.00,62200000.00,553000.00,86.80,-,-,-,-,-,-,-,-,-,102000.00,-,656000.00,-,-,-,-,-,-,-,8f5c169d449e40d48f23e6373dac0881,64.90
SHS250x250x4.5,SHS,250,250,-,-,4.5,-,-,-,-,-,4350.00,43300000.00,347000.00,99.80,-,-,-,-,-,-,-,-,-,67500.00,-,398000.00,-,-,-,-,-,-,-,623f9212cb424bc3afba6385f772bbe9,34.80
SHS250x250x6.0,SHS,250,250,-,-,6.0,-,-,-,-,-,5730.00,56200000.00,450000.00,99.00,-,-,-,-,-,-,-,-,-,88700.00,-,521000.00,-,-,-,-,-,-,-,cef33df5179d479f884129896c5d2946,46.20
SHS250x250x8.0,SHS,250,250,-,-,8.0,-,-,-,-,-,7520.00,72300000.00,578000.00,98.00,-,-,-,-,-,-,-,-,-,116000.00,-,676000.00,-,-,-,-,-,-,-,abb597a18ad74b7398866ef7dcd6c43c,61.20
SHS250x250x10.0,SHS,250,250,-,-,10.0,-,-,-,-,-,9260.00,87100000.00,697000.00,97.00,-,-,-,-,-,-,-,-,-,142000.00,-,822000.00,-,-,-,-,-,-,-,618449cdbc31444db0ac837db052483f,76.00
SHS270x270x4.5,SHS,270,270,-,-,4.5,-,-,-,-,-,4710.00,54900000.00,407000.00,108.00,-,-,-,-,-,-,-,-,-,85300.00,-,467000.00,-,-,-,-,-,-,-,2b359eb3c6874c2191f69e7206c22c9b,35.50
SHS270x270x6.0,SHS,270,270,-,-,6.0,-,-,-,-,-,6210.00,71400000.00,529000.00,107.00,-,-,-,-,-,-,-,-,-,112000.00,-,611000.00,-,-,-,-,-,-,-,1aaa22e502c0458fbb3faae3d76d015b,47.10
SHS270x270x8.0,SHS,270,270,-,-,8.0,-,-,-,-,-,8160.00,92100000.00,682000.00,106.00,-,-,-,-,-,-,-,-,-,147000.00,-,795000.00,-,-,-,-,-,-,-,e9d466c8005048dd917001e0ffea59be,62.30
SHS270x270x10.0,SHS,270,270,-,-,10.0,-,-,-,-,-,10100.00,111000000.00,824000.00,105.00,-,-,-,-,-,-,-,-,-,180000.00,-,969000.00,-,-,-,-,-,-,-,21fcca5952ad4909accc27498134d626,77.40
SHS300x300x4.5,SHS,300,300,-,-,4.5,-,-,-,-,-,5250.00,75900000.00,506000.00,120.00,-,-,-,-,-,-,-,-,-,118000.00,-,579000.00,-,-,-,-,-,-,-,3670b3d359a2448fb89c34a44b1f3747,39.00
SHS300x300x6.0,SHS,300,300,-,-,6.0,-,-,-,-,-,6930.00,98900000.00,660000.00,119.00,-,-,-,-,-,-,-,-,-,155000.00,-,760000.00,-,-,-,-,-,-,-,b8df61c3bc504861b23d6f70e3658510,51.80
SHS300x300x8.0,SHS,300,300,-,-,8.0,-,-,-,-,-,9120.00,128000000.00,853000.00,118.00,-,-,-,-,-,-,-,-,-,203000.00,-,991000.00,-,-,-,-,-,-,-,04194a4c189944fe8d04c736cd764246,68.70
SHS300x300x10.0,SHS,300,300,-,-,10.0,-,-,-,-,-,11300.00,155000000.00,1030000.00,117.00,-,-,-,-,-,-,-,-,-,250000.00,-,1210000.00,-,-,-,-,-,-,-,faaef29aafd740518bc92dd6798fdc63,85.30
RHS60x40x3.0,RHS,60,40,-,-,3.0,-,-,-,-,-,533.00,247000.00,8230.00,21.50,131000.00,6560.00,15.70,-,-,-,-,-,-,293.00,-,10300.00,-,-,-,-,-,-,-,a245f0b86833499182790b184f3d8c1b,4.48
RHS60x40x3.5,RHS,60,40,-,-,3.5,-,-,-,-,-,609.00,274000.00,9130.00,21.20,145000.00,7260.00,15.40,-,-,-,-,-,-,331.00,-,11600.00,-,-,-,-,-,-,-,148ff0c3b36743fcba4384685d7dd54a,5.18
RHS60x40x4.0,RHS,60,40,-,-,4.0,-,-,-,-,-,681.00,297000.00,9910.00,20.90,157000.00,7870.00,15.20,-,-,-,-,-,-,365.00,-,12700.00,-,-,-,-,-,-,-,7b7f5057a1fa4c9f8529aa71484d29a3,5.87
RHS60x40x4.5,RHS,60,40,-,-,4.5,-,-,-,-,-,750.00,317000.00,10600.00,20.60,167000.00,8370.00,14.90,-,-,-,-,-,-,396.00,-,13800.00,-,-,-,-,-,-,-,7eae0d289b2c4f42a9fc4d213a220d47,6.55
RHS76x38x3.0,RHS,76,38,-,-,3.0,-,-,-,-,-,617.00,432000.00,11400.00,26.50,146000.00,7670.00,15.40,-,-,-,-,-,-,374.00,-,14500.00,-,-,-,-,-,-,-,f5c87c6890314e1389f7c3809aac6575,5.18
RHS76x38x3.5,RHS,76,38,-,-,3.5,-,-,-,-,-,707.00,482000.00,12700.00,26.10,162000.00,8520.00,15.10,-,-,-,-,-,-,422.00,-,16400.00,-,-,-,-,-,-,-,0f1196271e4c438699a43f155279efd9,6.00
RHS76x38x4.0,RHS,76,38,-,-,4.0,-,-,-,-,-,793.00,527000.00,13900.00,25.80,176000.00,9260.00,14.90,-,-,-,-,-,-,466.00,-,18100.00,-,-,-,-,-,-,-,316cceef1cc14a02a31e267a6a5e3449,6.81
RHS76x38x4.5,RHS,76,38,-,-,4.5,-,-,-,-,-,876.00,566000.00,14900.00,25.40,188000.00,9900.00,14.70,-,-,-,-,-,-,506.00,-,19700.00,-,-,-,-,-,-,-,1d55b385846547eb8dc9f969d89d620d,7.60
RHS76x50x3.0,RHS,76,50,-,-,3.0,-,-,-,-,-,689.00,528000.00,13900.00,27.70,276000.00,11000.00,20.00,-,-,-,-,-,-,606.00,-,17100.00,-,-,-,-,-,-,-,489c83b31242455fb5ed01213642d9b6,5.70
RHS76x50x3.5,RHS,76,50,-,-,3.5,-,-,-,-,-,791.00,593000.00,15600.00,27.40,309000.00,12400.00,19.80,-,-,-,-,-,-,690.00,-,19400.00,-,-,-,-,-,-,-,16b91db906c248fe8bd896eb0fdf7fc0,6.60
RHS76x50x4.0,RHS,76,50,-,-,4.0,-,-,-,-,-,889.00,652000.00,17100.00,27.10,339000.00,13600.00,19.50,-,-,-,-,-,-,768.00,-,21600.00,-,-,-,-,-,-,-,9329d14f017b4fff86265ef04d82cfa7,7.50
RHS76x50x4.5,RHS,76,50,-,-,4.5,-,-,-,-,-,984.00,704000.00,18500.00,26.80,366000.00,14600.00,19.30,-,-,-,-,-,-,841.00,-,23600.00,-,-,-,-,-,-,-,072682203ce542899062754d6eddec2a,8.38
RHS100x50x3.0,RHS,100,50,-,-,3.0,-,-,-,-,-,833.00,1050000.00,20900.00,35.40,356000.00,14200.00,20.70,-,-,-,-,-,-,889.00,-,26300.00,-,-,-,-,-,-,-,10e8b5f231ec48338d8dd8588a1daebe,6.81
RHS100x50x3.5,RHS,100,50,-,-,3.5,-,-,-,-,-,959.00,1180000.00,23600.00,35.10,400000.00,16000.00,20.40,-,-,-,-,-,-,1010.00,-,29900.00,-,-,-,-,-,-,-,de6b207c0d22473c80ddd07cae971fdf,7.90
RHS100x50x4.0,RHS,100,50,-,-,4.0,-,-,-,-,-,1080.00,1310000.00,26100.00,34.80,441000.00,17600.00,20.20,-,-,-,-,-,-,1130.00,-,33400.00,-,-,-,-,-,-,-,f80aede35fd348c1a55b3ca933209560,8.98
RHS100x50x4.5,RHS,100,50,-,-,4.5,-,-,-,-,-,1200.00,1420000.00,28400.00,34.40,478000.00,19100.00,20.00,-,-,-,-,-,-,1240.00,-,36700.00,-,-,-,-,-,-,-,7494c1f08b7643bb8be52fc4ed1023b8,10.00
RHS100x50x5.0,RHS,100,50,-,-,5.0,-,-,-,-,-,1310.00,1530000.00,30600.00,34.10,511000.00,20400.00,19.70,-,-,-,-,-,-,1350.00,-,39800.00,-,-,-,-,-,-,-,0be0d5b8f07343febad9ae1adf339223,11.10
RHS120x60x3.0,RHS,120,60,-,-,3.0,-,-,-,-,-,1010.00,1860000.00,31100.00,42.90,637000.00,21200.00,25.10,-,-,-,-,-,-,1570.00,-,38700.00,-,-,-,-,-,-,-,763f89c5645547578f671c355acdf4da,8.23
RHS120x60x3.5,RHS,120,60,-,-,3.5,-,-,-,-,-,1170.00,2120000.00,35300.00,42.60,721000.00,24000.00,24.80,-,-,-,-,-,-,1800.00,-,44300.00,-,-,-,-,-,-,-,71078bc4fdba4b269e52bba4e78b40de,9.56
RHS120x60x4.0,RHS,120,60,-,-,4.0,-,-,-,-,-,1320.00,2360000.00,39300.00,42.20,800000.00,26700.00,24.60,-,-,-,-,-,-,2020.00,-,49700.00,-,-,-,-,-,-,-,d22b135fda984984a57ec55afe821ccc,10.90
RHS120x60x4.5,RHS,120,60,-,-,4.5,-,-,-,-,-,1470.00,2580000.00,43000.00,41.90,873000.00,29100.00,24.40,-,-,-,-,-,-,2230.00,-,54800.00,-,-,-,-,-,-,-,32afa6f5562e4d9797d19410112cf2c0,12.20
RHS120x60x5.0,RHS,120,60,-,-,5.0,-,-,-,-,-,1610.00,2790000.00,46500.00,41.60,941000.00,31400.00,24.10,-,-,-,-,-,-,2430.00,-,59700.00,-,-,-,-,-,-,-,15af89561ca04edf8bff5cc4dcb585b2,13.50
RHS120x60x6.0,RHS,120,60,-,-,6.0,-,-,-,-,-,1890.00,3170000.00,52800.00,40.90,1060000.00,35300.00,23.70,-,-,-,-,-,-,2790.00,-,68700.00,-,-,-,-,-,-,-,02438445b80b4a4489df3f84a3a6e2bc,16.00
RHS160x80x3.0,RHS,160,80,-,-,3.0,-,-,-,-,-,1370.00,4590000.00,57400.00,57.80,1580000.00,39400.00,33.90,-,-,-,-,-,-,3820.00,-,70800.00,-,-,-,-,-,-,-,41c4a0c071cf452b90fdac5bf52e9a85,11.10
RHS160x80x3.5,RHS,160,80,-,-,3.5,-,-,-,-,-,1590.00,5250000.00,65700.00,57.50,1800000.00,45000.00,33.70,-,-,-,-,-,-,4400.00,-,81400.00,-,-,-,-,-,-,-,5aa85eed15c94cb7858d6149b5ce1e38,12.90
RHS160x80x4.0,RHS,160,80,-,-,4.0,-,-,-,-,-,1800.00,5890000.00,73600.00,57.20,2010000.00,50300.00,33.40,-,-,-,-,-,-,4960.00,-,91800.00,-,-,-,-,-,-,-,f59af7cfa9b6445497ea2f297ff2fe19,14.60
RHS160x80x4.5,RHS,160,80,-,-,4.5,-,-,-,-,-,2010.00,6500000.00,81200.00,56.90,2220000.00,55400.00,33.20,-,-,-,-,-,-,5500.00,-,102000.00,-,-,-,-,-,-,-,1c7138f85d654a2e80b12463c329bec5,16.40
RHS160x80x5.0,RHS,160,80,-,-,5.0,-,-,-,-,-,2210.00,7080000.00,88500.00,56.50,2410000.00,60200.00,33.00,-,-,-,-,-,-,6030.00,-,111000.00,-,-,-,-,-,-,-,4932adec94c64358a6e4b57fc5b9c7bf,18.20
RHS160x80x6.0,RHS,160,80,-,-,6.0,-,-,-,-,-,2610.00,8160000.00,102000.00,55.90,2760000.00,69000.00,32.50,-,-,-,-,-,-,7040.00,-,130000.00,-,-,-,-,-,-,-,5f77b01ecbb7464abca91e3edad7145e,21.70
RHS203x102x3.5,RHS,203,102,-,-,3.5,-,-,-,-,-,2040.00,11100000.00,109000.00,73.60,3840000.00,75300.00,43.30,-,-,-,-,-,-,9230.00,-,134000.00,-,-,-,-,-,-,-,338d3e13389b46ba83f618d909a8e624,16.40
RHS203x102x4.5,RHS,203,102,-,-,4.5,-,-,-,-,-,2590.00,13800000.00,136000.00,73.00,4770000.00,93600.00,42.90,-,-,-,-,-,-,11600.00,-,169000.00,-,-,-,-,-,-,-,c2acbb913a494485bd21ef84e57d923d,21.00
RHS203x102x6.0,RHS,203,102,-,-,6.0,-,-,-,-,-,3390.00,17600000.00,173000.00,72.00,6040000.00,118000.00,42.20,-,-,-,-,-,-,15000.00,-,218000.00,-,-,-,-,-,-,-,66a710d84ccb4c328d47fc8b7b29f624,27.80
RHS203x102x8.0,RHS,203,102,-,-,8.0,-,-,-,-,-,4470.00,21700000.00,214000.00,70.50,7160000.00,143000.00,40.50,-,-,-,-,-,-,18500.00,-,277000.00,-,-,-,-,-,-,-,cc1fc26d0fe7449a885c8c0c0f8fdd9d,36.60
RHS203x102x10.0,RHS,203,102,-,-,10.0,-,-,-,-,-,5320.00,25400000.00,250000.00,69.10,8300000.00,166000.00,39.50,-,-,-,-,-,-,22000.00,-,333000.00,-,-,-,-,-,-,-,d4bc0f14b4c840a69493c6ecb8a458d6,45.30
RHS200x150x3.5,RHS,200,150,-,-,3.5,-,-,-,-,-,2360.00,13900000.00,139000.00,76.80,8990000.00,120000.00,61.70,-,-,-,-,-,-,17200.00,-,164000.00,-,-,-,-,-,-,-,6a09969f3f2f47cba09054038ef41139,18.60
RHS200x150x4.5,RHS,200,150,-,-,4.5,-,-,-,-,-,3000.00,17400000.00,174000.00,76.30,11200000.00,150000.00,61.20,-,-,-,-,-,-,21800.00,-,207000.00,-,-,-,-,-,-,-,434e8349c5254e11b1ddc51e46f2551d,23.80
RHS200x150x6.0,RHS,200,150,-,-,6.0,-,-,-,-,-,3930.00,22400000.00,224000.00,75.40,14400000.00,192000.00,60.50,-,-,-,-,-,-,28400.00,-,268000.00,-,-,-,-,-,-,-,0d83673fc03c40d18304004aac4c5843,31.50
RHS200x150x8.0,RHS,200,150,-,-,8.0,-,-,-,-,-,5120.00,28300000.00,283000.00,74.30,18200000.00,242000.00,59.50,-,-,-,-,-,-,36600.00,-,344000.00,-,-,-,-,-,-,-,f6ac16f4497d4d90a7f65598bc2be998,41.60
RHS200x150x10.0,RHS,200,150,-,-,10.0,-,-,-,-,-,6260.00,33500000.00,335000.00,73.20,21400000.00,286000.00,58.50,-,-,-,-,-,-,44300.00,-,413000.00,-,-,-,-,-,-,-,a5d509bb1dc4488ba7351fa49ec3dcf5,51.60
RHS250x100x3.5,RHS,250,100,-,-,3.5,-,-,-,-,-,2360.00,18400000.00,147000.00,88.20,4440000.00,88800.00,43.40,-,-,-,-,-,-,11700.00,-,184000.00,-,-,-,-,-,-,-,655987bb0fe04a58adfe8e2886168f89,18.60
RHS250x100x4.5,RHS,250,100,-,-,4.5,-,-,-,-,-,3000.00,23000000.00,184000.00,87.50,5530000.00,111000.00,42.90,-,-,-,-,-,-,14800.00,-,233000.00,-,-,-,-,-,-,-,cf5b9a2092f84611b76bee56ef8421c2,23.80
RHS250x100x6.0,RHS,250,100,-,-,6.0,-,-,-,-,-,3930.00,29400000.00,236000.00,86.50,7020000.00,140000.00,42.20,-,-,-,-,-,-,19100.00,-,301000.00,-,-,-,-,-,-,-,df1af4fb016740d79a87ad383f94119d,31.50
RHS250x100x8.0,RHS,250,100,-,-,8.0,-,-,-,-,-,5120.00,37100000.00,297000.00,85.10,8750000.00,175000.00,41.30,-,-,-,-,-,-,24400.00,-,385000.00,-,-,-,-,-,-,-,7521ee536bd2450894ad11398456000e,41.60
RHS250x100x10.0,RHS,250,100,-,-,10.0,-,-,-,-,-,6260.00,43800000.00,351000.00,83.70,10200000.00,204000.00,40.40,-,-,-,-,-,-,29100.00,-,462000.00,-,-,-,-,-,-,-,0cacf2d8db5f4c4da2560f0a20c927e4,51.60
RHS300x150x4.5,RHS,300,150,-,-,4.5,-,-,-,-,-,3900.00,46400000.00,309000.00,109.00,16000000.00,213000.00,64.10,-,-,-,-,-,-,38300.00,-,380000.00,-,-,-,-,-,-,-,8c171ad258dc469281e4a29ee1f8eb28,29.80
RHS300x150x6.0,RHS,300,150,-,-,6.0,-,-,-,-,-,5130.00,60000000.00,400000.00,108.00,20600000.00,275000.00,63.40,-,-,-,-,-,-,50100.00,-,495000.00,-,-,-,-,-,-,-,55e0f7e89aad4dadad4732692d7968b5,39.50
RHS300x150x8.0,RHS,300,150,-,-,8.0,-,-,-,-,-,6720.00,76800000.00,512000.00,107.00,26200000.00,350000.00,62.50,-,-,-,-,-,-,64900.00,-,640000.00,-,-,-,-,-,-,-,0d31532ef5264c1a9b29272f523ffd18,52.30
RHS300x150x10.0,RHS,300,150,-,-,10.0,-,-,-,-,-,8260.00,92100000.00,614000.00,106.00,31300000.00,417000.00,61.50,-,-,-,-,-,-,78800.00,-,776000.00,-,-,-,-,-,-,-,4877b4f3b19a4901b752cdb0ae806b1c,64.90
RHS320x220x4.5,RHS,320,220,-,-,4.5,-,-,-,-,-,4710.00,70100000.00,438000.00,122.00,39700000.00,361000.00,91.80,-,-,-,-,-,-,79400.00,-,519000.00,-,-,-,-,-,-,-,794b70395f4046a788b269a390a59587,35.50
RHS320x220x6.0,RHS,320,220,-,-,6.0,-,-,-,-,-,6210.00,91200000.00,570000.00,121.00,51500000.00,468000.00,91.00,-,-,-,-,-,-,104000.00,-,679000.00,-,-,-,-,-,-,-,681075ada8b54ce2919556372cee5685,47.10
RHS320x220x8.0,RHS,320,220,-,-,8.0,-,-,-,-,-,8160.00,118000000.00,735000.00,120.00,66300000.00,602000.00,90.10,-,-,-,-,-,-,136000.00,-,884000.00,-,-,-,-,-,-,-,29a4dc55807341469f712e1934089298,62.30
RHS320x220x10.0,RHS,320,220,-,-,10.0,-,-,-,-,-,10100.00,142000000.00,888000.00,119.00,79900000.00,726000.00,89.10,-,-,-,-,-,-,167000.00,-,1080000.00,-,-,-,-,-,-,-,f7e6a3a593944d04bcbfd1ab6cbb1425,77.40
RHS340x200x4.5,RHS,340,200,-,-,4.5,-,-,-,-,-,4710.00,75900000.00,446000.00,127.00,33800000.00,338000.00,84.70,-,-,-,-,-,-,73900.00,-,537000.00,-,-,-,-,-,-,-,a04d6f5f573d49d0bb487593fc633059,35.50
RHS340x200x6.0,RHS,340,200,-,-,6.0,-,-,-,-,-,6210.00,98700000.00,581000.00,126.00,43800000.00,438000.00,84.00,-,-,-,-,-,-,97000.00,-,703000.00,-,-,-,-,-,-,-,3201ab47715c4fa98073f1a199063481,47.10
RHS340x200x8.0,RHS,340,200,-,-,8.0,-,-,-,-,-,8160.00,127000000.00,749000.00,125.00,56300000.00,563000.00,83.10,-,-,-,-,-,-,127000.00,-,914000.00,-,-,-,-,-,-,-,1d66a2496aec43beb86bc89fa51429ca,62.30
RHS340x200x10.0,RHS,340,200,-,-,10.0,-,-,-,-,-,10100.00,154000000.00,905000.00,124.00,67800000.00,678000.00,82.10,-,-,-,-,-,-,155000.00,-,1110000.00,-,-,-,-,-,-,-,8ba02fa7d09142009bb5548c57904ba3,77.40
CFL75x50x20x2.0,CFL,75,50,20,-,2.0,-,-,-,-,-,400.00,360000.00,9590.00,30.00,150000.00,5120.00,19.30,-,-,-,-,-,-,534.00,-,-,-,-,-,-,-,20.80,-,ae0c482c8b334baa9a5f5e8a119a90c7,3.14
CFL75x50x20x2.5,CFL,75,50,20,-,2.5,-,-,-,-,-,491.00,433000.00,11500.00,29.70,178000.00,6100.00,19.10,-,-,-,-,-,-,1020.00,-,-,-,-,-,-,-,20.80,-,4a496e82791b422985f73d0ea0fc2e06,3.85
CFL75x50x20x3.0,CFL,75,50,20,-,3.0,-,-,-,-,-,578.00,500000.00,13300.00,29.40,204000.00,6980.00,18.80,-,-,-,-,-,-,1730.00,-,-,-,-,-,-,-,20.70,-,8823c77a98e54f53b64d94edcd37e0a3,4.54
CFL100x50x20x2.0,CFL,100,50,20,-,2.0,-,-,-,-,-,450.00,705000.00,14100.00,39.60,167000.00,5320.00,19.30,-,-,-,-,-,-,600.00,-,-,-,-,-,-,-,18.60,-,6ec0779522284349a1fe9e3fec9160cc,3.53
CFL100x50x20x2.5,CFL,100,50,20,-,2.5,-,-,-,-,-,554.00,854000.00,17100.00,39.30,200000.00,6350.00,19.00,-,-,-,-,-,-,1150.00,-,-,-,-,-,-,-,18.60,-,7ca986883d174340b590a23db66b6dea,4.35
CFL100x50x20x3.0,CFL,100,50,20,-,3.0,-,-,-,-,-,653.00,991000.00,19800.00,39.00,229000.00,7270.00,18.70,-,-,-,-,-,-,1960.00,-,-,-,-,-,-,-,18.50,-,014fe9ef3a3c439880c83a2fab3e8077,5.13
CFL100x75x20x2.0,CFL,100,75,20,-,2.0,-,-,-,-,-,550.00,945000.00,18900.00,41.40,439000.00,9650.00,28.20,-,-,-,-,-,-,734.00,-,-,-,-,-,-,-,29.50,-,f8659ad3e2cd46f489a13d9e2eaa8697,4.32
CFL100x75x20x2.5,CFL,100,75,20,-,2.5,-,-,-,-,-,679.00,1150000.00,23000.00,41.20,530000.00,11600.00,27.90,-,-,-,-,-,-,1410.00,-,-,-,-,-,-,-,29.50,-,5d0df2b5727d47cf9b2afe27559471d7,5.33
CFL100x75x20x3.0,CFL,100,75,20,-,3.0,-,-,-,-,-,803.00,1340000.00,26900.00,40.90,614000.00,13500.00,27.70,-,-,-,-,-,-,2410.00,-,-,-,-,-,-,-,29.40,-,246f2ec48cd24fdeaf1524a2f7809ce0,6.30
CFL125x50x20x2.5,CFL,125,50,20,-,2.5,-,-,-,-,-,616.00,1450000.00,23200.00,48.50,216000.00,6520.00,18.70,-,-,-,-,-,-,1280.00,-,-,-,-,-,-,-,16.80,-,96155f395e3a40d9992ed8faf9eb2d27,4.84
CFL125x50x20x3.0,CFL,125,50,20,-,3.0,-,-,-,-,-,728.00,1690000.00,27000.00,48.10,248000.00,7470.00,18.50,-,-,-,-,-,-,2180.00,-,-,-,-,-,-,-,16.80,-,8d3416105f524b868b23c2912b3ca211,5.72
CFL125x65x20x2.0,CFL,125,65,20,-,2.0,-,-,-,-,-,560.00,1420000.00,22700.00,50.30,338000.00,8030.00,24.60,-,-,-,-,-,-,747.00,-,-,-,-,-,-,-,22.90,-,c82d7b15f77647519dba16796d734290,4.40
CFL125x65x20x2.5,CFL,125,65,20,-,2.5,-,-,-,-,-,691.00,1730000.00,27700.00,50.00,407000.00,9670.00,24.30,-,-,-,-,-,-,1440.00,-,-,-,-,-,-,-,22.90,-,bd3961080ed04e2d9440bcb355e239eb,5.42
CFL125x65x20x3.0,CFL,125,65,20,-,3.0,-,-,-,-,-,818.00,2020000.00,32300.00,49.70,471000.00,11200.00,24.00,-,-,-,-,-,-,2450.00,-,-,-,-,-,-,-,22.80,-,1975ea1c3eff4c57b1df6dedafe00eba,6.42
CFL125x75x20x2.0,CFL,125,75,20,-,2.0,-,-,-,-,-,600.00,1570000.00,25100.00,51.10,476000.00,9950.00,28.20,-,-,-,-,-,-,800.00,-,-,-,-,-,-,-,27.20,-,dee459131bcc45e5939f6792eab4695e,4.71
CFL125x75x20x2.5,CFL,125,75,20,-,2.5,-,-,-,-,-,741.00,1920000.00,30700.00,50.90,575000.00,12000.00,27.90,-,-,-,-,-,-,1540.00,-,-,-,-,-,-,-,27.10,-,eb9a79e24ea24f94bbc6326c6170a2f8,5.82
CFL125x75x20x3.0,CFL,125,75,20,-,3.0,-,-,-,-,-,878.00,2240000.00,35900.00,50.60,668000.00,13900.00,27.60,-,-,-,-,-,-,2630.00,-,-,-,-,-,-,-,27.00,-,abf7760dfb5d4b6e88e0c470272e156c,6.89
CFL150x50x20x2.0,CFL,150,50,20,-,2.0,-,-,-,-,-,550.00,1830000.00,24500.00,57.70,192000.00,5560.00,18.70,-,-,-,-,-,-,734.00,-,-,-,-,-,-,-,15.40,-,3ef8e3f0e48b4493bf11ae9214286e0f,4.32
CFL150x50x20x2.5,CFL,150,50,20,-,2.5,-,-,-,-,-,679.00,2230000.00,29800.00,57.40,230000.00,6650.00,18.40,-,-,-,-,-,-,1410.00,-,-,-,-,-,-,-,15.40,-,9deecd2f411c41dbbd66352e94e2a8b5,5.33
CFL150x50x20x3.0,CFL,150,50,20,-,3.0,-,-,-,-,-,803.00,2610000.00,34800.00,57.00,264000.00,7620.00,18.10,-,-,-,-,-,-,2410.00,-,-,-,-,-,-,-,15.30,-,35e59f48cf554a8298ca661e3984cd42,6.30
CFL150x65x20x2.0,CFL,150,65,20,-,2.0,-,-,-,-,-,610.00,2160000.00,28800.00,59.50,360000.00,8210.00,24.30,-,-,-,-,-,-,814.00,-,-,-,-,-,-,-,21.10,-,7e19871306754cd280eb538d53e0a21f,4.79
CFL150x65x20x2.5,CFL,150,65,20,-,2.5,-,-,-,-,-,754.00,2640000.00,35200.00,59.20,434000.00,9880.00,24.00,-,-,-,-,-,-,1570.00,-,-,-,-,-,-,-,21.10,-,8b0512e66aa242dabe435db8d98f4aeb,5.92
CFL150x65x20x3.0,CFL,150,65,20,-,3.0,-,-,-,-,-,893.00,3100000.00,41300.00,58.90,502000.00,11400.00,23.70,-,-,-,-,-,-,2680.00,-,-,-,-,-,-,-,21.00,-,741f4740717049b0aa3e6d3fb1668f52,7.01
CFL150x65x20x3.5,CFL,150,65,20,-,3.5,-,-,-,-,-,1030.00,3530000.00,47000.00,58.50,564000.00,12800.00,23.40,-,-,-,-,-,-,4200.00,-,-,-,-,-,-,-,21.00,-,15014d92bc6b4c04bf05c681db2989d3,8.08
CFL150x75x20x2.0,CFL,150,75,20,-,2.0,-,-,-,-,-,650.00,2380000.00,31800.00,60.50,507000.00,10200.00,27.90,-,-,-,-,-,-,867.00,-,-,-,-,-,-,-,25.20,-,7d1fef2d5a0d4d9a84115359277ef98d,5.10
CFL150x75x20x2.5,CFL,150,75,20,-,2.5,-,-,-,-,-,804.00,2910000.00,38800.00,60.20,614000.00,12300.00,27.60,-,-,-,-,-,-,1670.00,-,-,-,-,-,-,-,25.10,-,9e738d5187cd45beb2451c6e61ae39e5,6.31
CFL150x75x20x3.0,CFL,150,75,20,-,3.0,-,-,-,-,-,953.00,3420000.00,45600.00,59.90,713000.00,14300.00,27.30,-,-,-,-,-,-,2860.00,-,-,-,-,-,-,-,25.00,-,b569a9ee16574c87a2b04da1912eeeb1,7.48
CFL150x75x20x3.5,CFL,150,75,20,-,3.5,-,-,-,-,-,1100.00,3900000.00,52000.00,59.60,804000.00,16100.00,27.00,-,-,-,-,-,-,4490.00,-,-,-,-,-,-,-,25.00,-,265c550ef2c542228bd96ddfd5b40df7,8.63
CFL175x50x20x2.0,CFL,175,50,20,-,2.0,-,-,-,-,-,600.00,2650000.00,30300.00,66.40,202000.00,5640.00,18.30,-,-,-,-,-,-,800.00,-,-,-,-,-,-,-,14.20,-,f66e4d0439a0456caaff1758206da9ef,4.71
CFL175x50x20x2.5,CFL,175,50,20,-,2.5,-,-,-,-,-,741.00,3230000.00,36900.00,66.00,242000.00,6750.00,18.10,-,-,-,-,-,-,1540.00,-,-,-,-,-,-,-,14.20,-,97abd11b3560486abcc9c9038f53f458,5.82
CFL175x50x20x3.0,CFL,175,50,20,-,3.0,-,-,-,-,-,878.00,3780000.00,43200.00,65.60,277000.00,7740.00,17.80,-,-,-,-,-,-,2630.00,-,-,-,-,-,-,-,14.20,-,d7f6a1d5891441e188cd7b79baf8ee6b,6.89
CFL175x50x20x3.5,CFL,175,50,20,-,3.5,-,-,-,-,-,1010.00,4300000.00,49200.00,65.20,309000.00,8630.00,17.50,-,-,-,-,-,-,4130.00,-,-,-,-,-,-,-,14.10,-,a464667f1be7431089d5853fddd96985,7.94
CFL175x65x20x2.0,CFL,175,65,20,-,2.0,-,-,-,-,-,660.00,3100000.00,35400.00,68.50,379000.00,8340.00,23.90,-,-,-,-,-,-,880.00,-,-,-,-,-,-,-,19.60,-,7d85876889cf40c5888eea8bf269a84f,5.18
CFL175x65x20x2.5,CFL,175,65,20,-,2.5,-,-,-,-,-,816.00,3790000.00,43300.00,68.10,457000.00,10100.00,23.70,-,-,-,-,-,-,1700.00,-,-,-,-,-,-,-,19.60,-,1facf0319f0842eb8c31f36af8a86989,6.41
CFL175x65x20x3.0,CFL,175,65,20,-,3.0,-,-,-,-,-,968.00,4450000.00,50800.00,67.80,528000.00,11600.00,23.40,-,-,-,-,-,-,2900.00,-,-,-,-,-,-,-,19.50,-,2d79b1287fd44466a28cc78990130d71,7.60
CFL175x65x20x3.5,CFL,175,65,20,-,3.5,-,-,-,-,-,1120.00,5080000.00,58000.00,67.40,594000.00,13000.00,23.10,-,-,-,-,-,-,4560.00,-,-,-,-,-,-,-,19.50,-,d405896fc7954f78892e740e32a90a60,8.76
CFL175x65x20x4.5,CFL,175,65,20,-,4.5,-,-,-,-,-,1400.00,6240000.00,71300.00,66.70,707000.00,15500.00,22.50,-,-,-,-,-,-,9460.00,-,-,-,-,-,-,-,19.40,-,08a29e3f05ea4a09845752d0c3d6514a,11.00
CFL175x75x20x2.5,CFL,175,75,20,-,2.5,-,-,-,-,-,866.00,4160000.00,47600.00,69.30,647000.00,12500.00,27.30,-,-,-,-,-,-,1800.00,-,-,-,-,-,-,-,23.40,-,8b97eefe0791493ab328e89f1b11affa,6.80
CFL175x75x20x3.0,CFL,175,75,20,-,3.0,-,-,-,-,-,1030.00,4890000.00,55900.00,69.00,751000.00,14500.00,27.00,-,-,-,-,-,-,3080.00,-,-,-,-,-,-,-,23.30,-,d8362662bdf64e788920027c4855bc7d,8.07
CFL175x75x20x3.5,CFL,175,75,20,-,3.5,-,-,-,-,-,1190.00,5590000.00,63900.00,68.60,848000.00,16400.00,26.70,-,-,-,-,-,-,4840.00,-,-,-,-,-,-,-,23.30,-,1d091bb208cd4cb2ad4101774c2acb2f,9.31
CFL175x75x20x4.5,CFL,175,75,20,-,4.5,-,-,-,-,-,1490.00,6890000.00,78700.00,68.00,1020000.00,19600.00,26.10,-,-,-,-,-,-,10100.00,-,-,-,-,-,-,-,23.10,-,323c99d3c326495d9d257d596267ca74,11.70
CFL200x75x20x2.5,CFL,200,75,20,-,2.5,-,-,-,-,-,929.00,5680000.00,56800.00,78.20,676000.00,12700.00,27.00,-,-,-,-,-,-,1930.00,-,-,-,-,-,-,-,21.90,-,7989bad668e8463b9ea304ba06d64668,7.29
CFL200x75x20x3.0,CFL,200,75,20,-,3.0,-,-,-,-,-,1100.00,6690000.00,66900.00,77.90,785000.00,14800.00,26.70,-,-,-,-,-,-,3310.00,-,-,-,-,-,-,-,21.80,-,cb3db34b4fba468a9e055d726b1b861e,8.66
CFL200x75x20x3.5,CFL,200,75,20,-,3.5,-,-,-,-,-,1270.00,7650000.00,76500.00,77.50,886000.00,16600.00,26.40,-,-,-,-,-,-,5200.00,-,-,-,-,-,-,-,21.80,-,64e7ff9428ed4a95a54aac92ac078b6c,10.00
CFL200x75x20x4.5,CFL,200,75,20,-,4.5,-,-,-,-,-,1600.00,9450000.00,94500.00,76.80,1060000.00,19900.00,25.70,-,-,-,-,-,-,10800.00,-,-,-,-,-,-,-,21.70,-,a24fb80d11e444139abd0129f9e373d8,12.60
CFL200x100x20x2.5,CFL,200,100,20,-,2.5,-,-,-,-,-,1050.00,6900000.00,69000.00,80.90,1370000.00,20000.00,36.00,-,-,-,-,-,-,2100.00,-,-,-,-,-,-,-,31.50,-,8e7586d8449e45c698d2138f78b9859a,8.27
CFL200x100x20x3.0,CFL,200,100,20,-,3.0,-,-,-,-,-,1250.00,8140000.00,81400.00,80.60,1600000.00,23300.00,35.70,-,-,-,-,-,-,3760.00,-,-,-,-,-,-,-,31.40,-,ca989275a62e48bdb7a6eb08c3fead05,9.84
CFL200x100x20x3.5,CFL,200,100,20,-,3.5,-,-,-,-,-,1450.00,9340000.00,93400.00,80.30,1820000.00,26500.00,35.40,-,-,-,-,-,-,5920.00,-,-,-,-,-,-,-,31.40,-,3cc81a2ed16d4157873a0ccd030e9884,11.40
CFL200x100x20x4.5,CFL,200,100,20,-,4.5,-,-,-,-,-,1830.00,11600000.00,116000.00,79.60,2210000.00,32100.00,34.70,-,-,-,-,-,-,12300.00,-,-,-,-,-,-,-,31.20,-,72ec34a262ea4c6382a6d436548cf686,14.40
CFL225x75x20x2.5,CFL,225,75,20,-,2.5,-,-,-,-,-,991.00,7490000.00,66600.00,86.90,701000.00,12900.00,26.60,-,-,-,-,-,-,2060.00,-,-,-,-,-,-,-,20.60,-,b277bc1be68444a78c4acab24638a98a,7.78
CFL225x75x20x3.0,CFL,225,75,20,-,3.0,-,-,-,-,-,1180.00,8830000.00,78400.00,86.60,814000.00,14900.00,26.30,-,-,-,-,-,-,3530.00,-,-,-,-,-,-,-,20.50,-,c559075e9c5548febff7916afd114883,9.25
CFL225x75x20x3.5,CFL,225,75,20,-,3.5,-,-,-,-,-,1360.00,10100000.00,89900.00,86.20,919000.00,16900.00,26.00,-,-,-,-,-,-,5560.00,-,-,-,-,-,-,-,20.50,-,290721f4793c4a6d89422f895d23fe22,10.70
CFL225x75x20x4.5,CFL,225,75,20,-,4.5,-,-,-,-,-,1720.00,12500000.00,111000.00,85.40,1100000.00,20200.00,25.30,-,-,-,-,-,-,11600.00,-,-,-,-,-,-,-,20.40,-,f4a66872483d4366804aa869fb4c92ff,13.50
CFL225x100x20x2.5,CFL,225,100,20,-,2.5,-,-,-,-,-,1120.00,9040000.00,80300.00,90.00,1420000.00,20300.00,35.70,-,-,-,-,-,-,2330.00,-,-,-,-,-,-,-,29.80,-,a138e91a68294b5dbbc3e4cc217db7f5,8.76
CFL225x100x20x3.0,CFL,225,100,20,-,3.0,-,-,-,-,-,1330.00,10700000.00,94900.00,89.60,1660000.00,23700.00,35.40,-,-,-,-,-,-,3980.00,-,-,-,-,-,-,-,29.70,-,38ff4af82138407c94cd2bcc15378b04,10.40
CFL225x100x20x3.5,CFL,225,100,20,-,3.5,-,-,-,-,-,1540.00,12300000.00,109000.00,89.30,1890000.00,26800.00,35.10,-,-,-,-,-,-,6270.00,-,-,-,-,-,-,-,29.70,-,05f6d0616a6e470080e4d7423ee3d411,12.10
CFL225x100x20x4.5,CFL,225,100,20,-,4.5,-,-,-,-,-,1940.00,15200000.00,136000.00,88.60,2300000.00,32600.00,34.40,-,-,-,-,-,-,13100.00,-,-,-,-,-,-,-,29.50,-,e9045d2ea10f4128bd0609b5662f1e22,15.20
CFL250x65x20x2.0,CFL,250,65,20,-,2.0,-,-,-,-,-,810.00,7200000.00,57600.00,94.30,421000.00,8620.00,22.80,-,-,-,-,-,-,1080.00,-,-,-,-,-,-,-,16.20,-,f8268b6e7caf41a8830cf41e515389d8,6.36
CFL250x65x20x2.5,CFL,250,65,20,-,2.5,-,-,-,-,-,1000.00,8840000.00,70700.00,93.90,508000.00,10400.00,22.50,-,-,-,-,-,-,2090.00,-,-,-,-,-,-,-,16.20,-,c9a9f94980f74fadb36ba8a14d5dd1dd,7.88
CFL250x65x20x3.0,CFL,250,65,20,-,3.0,-,-,-,-,-,1190.00,10400000.00,83300.00,93.40,588000.00,12000.00,22.20,-,-,-,-,-,-,3580.00,-,-,-,-,-,-,-,16.10,-,a305078b2aac4ab09949d8e59c88b932,9.37
CFL250x75x20x2.5,CFL,250,75,20,-,2.5,-,-,-,-,-,1050.00,9610000.00,76900.00,95.50,723000.00,13000.00,26.20,-,-,-,-,-,-,2190.00,-,-,-,-,-,-,-,19.40,-,2e302bba61c349398f996e4e379f4f8b,8.27
CFL250x75x20x3.0,CFL,250,75,20,-,3.0,-,-,-,-,-,1250.00,11300000.00,90700.00,95.10,839000.00,15100.00,25.90,-,-,-,-,-,-,3760.00,-,-,-,-,-,-,-,19.40,-,931bb974f6884f12a421e39e5e9da81f,9.84
CFL250x75x20x3.5,CFL,250,75,20,-,3.5,-,-,-,-,-,1450.00,13000000.00,104000.00,94.70,948000.00,17000.00,25.60,-,-,-,-,-,-,5920.00,-,-,-,-,-,-,-,19.40,-,d3f51bc6851d46ad8e1b909dd96d0404,11.40
CFL250x75x20x4.5,CFL,250,75,20,-,4.5,-,-,-,-,-,1830.00,16100000.00,129000.00,93.90,1140000.00,20400.00,24.90,-,-,-,-,-,-,12300.00,-,-,-,-,-,-,-,19.30,-,6e689efc7b4e4d10893c2a953aca4e5f,14.40
CFL250x100x20x2.5,CFL,250,100,20,-,2.5,-,-,-,-,-,1180.00,11500000.00,92200.00,98.90,1470000.00,20500.00,35.30,-,-,-,-,-,-,2460.00,-,-,-,-,-,-,-,28.30,-,131c5ecbfd3f487d9646d478535c1491,9.25
CFL250x100x20x3.0,CFL,250,100,20,-,3.0,-,-,-,-,-,1400.00,13600000.00,109000.00,98.50,1720000.00,24000.00,35.00,-,-,-,-,-,-,4210.00,-,-,-,-,-,-,-,28.20,-,a7cdc256e93545369981973d0bead637,11.00
CFL250x100x20x3.5,CFL,250,100,20,-,3.5,-,-,-,-,-,1620.00,15600000.00,125000.00,98.20,1950000.00,27200.00,34.70,-,-,-,-,-,-,6630.00,-,-,-,-,-,-,-,28.20,-,7acebb810e0444138a89470166400f8d,12.70
CFL250x100x20x4.5,CFL,250,100,20,-,4.5,-,-,-,-,-,2050.00,19500000.00,156000.00,97.40,2380000.00,33000.00,34.00,-,-,-,-,-,-,13900.00,-,-,-,-,-,-,-,28.00,-,238e3558e0704ec1ac0cf6b0ff77ca8b,16.10
CFL275x65x20x2.0,CFL,275,65,20,-,2.0,-,-,-,-,-,860.00,9060000.00,65900.00,103.00,432000.00,8690.00,22.40,-,-,-,-,-,-,1150.00,-,-,-,-,-,-,-,15.30,-,f985af995e1142679e9417be606b403d,6.75
CFL275x65x20x2.5,CFL,275,65,20,-,2.5,-,-,-,-,-,1070.00,11100000.00,80900.00,102.00,521000.00,10500.00,22.10,-,-,-,-,-,-,2220.00,-,-,-,-,-,-,-,15.30,-,fa412d466fa34c3c90cde64612861c1d,8.37
CFL275x65x20x3.0,CFL,275,65,20,-,3.0,-,-,-,-,-,1270.00,13100000.00,95400.00,102.00,603000.00,12100.00,21.80,-,-,-,-,-,-,3800.00,-,-,-,-,-,-,-,15.30,-,7426fd36049946ab8cfa1d8f664c7240,9.95
CFL275x75x20x2.5,CFL,275,75,20,-,2.5,-,-,-,-,-,1120.00,12100000.00,87700.00,104.00,741000.00,13100.00,25.80,-,-,-,-,-,-,2330.00,-,-,-,-,-,-,-,18.40,-,d4be270927f7488fb2c51afeae142a36,8.76
CFL275x75x20x3.0,CFL,275,75,20,-,3.0,-,-,-,-,-,1330.00,14200000.00,103000.00,104.00,861000.00,15200.00,25.50,-,-,-,-,-,-,3980.00,-,-,-,-,-,-,-,18.40,-,5165fc51b320401993d1cae56b2dc1fc,10.40
CFL275x75x20x3.5,CFL,275,75,20,-,3.5,-,-,-,-,-,1540.00,16300000.00,119000.00,103.00,971000.00,17100.00,25.10,-,-,-,-,-,-,6270.00,-,-,-,-,-,-,-,18.40,-,e3c5ed19954b4cb4b7edbf2473419130,12.10
CFL275x100x20x2.5,CFL,275,100,20,-,2.5,-,-,-,-,-,1240.00,14400000.00,105000.00,108.00,1510000.00,20700.00,34.90,-,-,-,-,-,-,2590.00,-,-,-,-,-,-,-,26.90,-,035dc7bc843a4d59898f3327dbd0e337,9.74
CFL275x100x20x3.0,CFL,275,100,20,-,3.0,-,-,-,-,-,1480.00,17000000.00,124000.00,107.00,1770000.00,24200.00,34.60,-,-,-,-,-,-,4430.00,-,-,-,-,-,-,-,26.90,-,6c5e203cad114396a51d8fafc48bb5c1,11.60
CFL275x100x20x3.5,CFL,275,100,20,-,3.5,-,-,-,-,-,1710.00,19600000.00,142000.00,107.00,2010000.00,27500.00,34.30,-,-,-,-,-,-,6990.00,-,-,-,-,-,-,-,26.80,-,0f831bd0aa4c4e5abd0a05c5f67d2eb1,13.40
CFL275x100x20x4.5,CFL,275,100,20,-,4.5,-,-,-,-,-,2170.00,24400000.00,177000.00,106.00,2450000.00,33400.00,33.60,-,-,-,-,-,-,14600.00,-,-,-,-,-,-,-,26.70,-,8d61adf39b094db4a81576b7c64ed776,17.00
CFL300x65x20x2.5,CFL,300,65,20,-,2.5,-,-,-,-,-,1130.00,13700000.00,91600.00,110.00,530000.00,10500.00,21.70,-,-,-,-,-,-,2350.00,-,-,-,-,-,-,-,14.50,-,6cb8ecb4e15e4a729a45729383738d6c,8.86
CFL300x65x20x3.0,CFL,300,65,20,-,3.0,-,-,-,-,-,1340.00,16200000.00,108000.00,110.00,620000.00,12200.00,21.40,-,-,-,-,-,-,4030.00,-,-,-,-,-,-,-,14.50,-,2b4484932307458bbffd42777e9ca6c6,10.50
CFL300x65x20x3.5,CFL,300,65,20,-,3.5,-,-,-,-,-,1550.00,18600000.00,124000.00,109.00,690000.00,13700.00,21.10,-,-,-,-,-,-,6340.00,-,-,-,-,-,-,-,14.50,-,826bbd21de4246ee8d7b07d61cbd48c3,12.20
CFL300x75x20x2.5,CFL,300,75,20,-,2.5,-,-,-,-,-,1180.00,14900000.00,99000.00,112.00,760000.00,13200.00,25.40,-,-,-,-,-,-,2460.00,-,-,-,-,-,-,-,17.50,-,e2335e10ef7b412aae75c4c8440bec5d,9.25
CFL300x75x20x3.0,CFL,300,75,20,-,3.0,-,-,-,-,-,1400.00,17500000.00,117000.00,112.00,880000.00,15300.00,25.10,-,-,-,-,-,-,4210.00,-,-,-,-,-,-,-,17.50,-,e778d6b4e22740e5941c0179d0fa7562,11.00
CFL300x75x20x3.5,CFL,300,75,20,-,3.5,-,-,-,-,-,1620.00,20100000.00,134000.00,111.00,990000.00,17300.00,24.70,-,-,-,-,-,-,6630.00,-,-,-,-,-,-,-,17.50,-,4c4f07e9db81400f93811ac8b9530d70,12.70
CFL300x75x20x4.5,CFL,300,75,20,-,4.5,-,-,-,-,-,2050.00,25100000.00,167000.00,110.00,1190000.00,20700.00,24.10,-,-,-,-,-,-,13900.00,-,-,-,-,-,-,-,17.40,-,81a89351c6fc471fbaea630db647ff7f,16.10
CFL300x100x20x2.5,CFL,300,100,20,-,2.5,-,-,-,-,-,1300.00,17600000.00,117000.00,116.00,1550000.00,20900.00,34.50,-,-,-,-,-,-,2720.00,-,-,-,-,-,-,-,25.70,-,baa063a7dbc74d699b2341014f7b67a4,10.20
CFL300x100x20x3.0,CFL,300,100,20,-,3.0,-,-,-,-,-,1550.00,20900000.00,139000.00,116.00,1820000.00,24400.00,34.20,-,-,-,-,-,-,4660.00,-,-,-,-,-,-,-,25.60,-,acc7fb77683743a5bdfbe70e57a7b805,12.20
CFL300x100x20x3.5,CFL,300,100,20,-,3.5,-,-,-,-,-,1800.00,24000000.00,160000.00,115.00,2060000.00,27700.00,33.90,-,-,-,-,-,-,7350.00,-,-,-,-,-,-,-,25.60,-,d701633b0bad4efebad6184f6292cd53,14.10
CFL300x100x20x4.5,CFL,300,100,20,-,4.5,-,-,-,-,-,2280.00,30000000.00,200000.00,115.00,2510000.00,33700.00,33.20,-,-,-,-,-,-,15400.00,-,-,-,-,-,-,-,25.50,-,7cfc8b1abed04d64a85c82117253b0a1,17.90
CFZ100x50x20x2.0,CFZ,100,50,20,-,2.0,-,-,-,-,-,450.00,705000.00,14100.00,39.60,307000.00,6260.00,26.10,-,-,-,-,-,-,600.00,-,14900.00,-,-,-,-,-,-,-,4ee52fc4d8414f9f9e35a9f0b84f40cf,3.53
CFZ100x50x20x2.5,CFZ,100,50,20,-,2.5,-,-,-,-,-,554.00,854000.00,17100.00,39.30,366000.00,7500.00,25.70,-,-,-,-,-,-,1150.00,-,14700.00,-,-,-,-,-,-,-,e4659b1ecb75446c84d6aeea7e14c3e4,4.35
CFZ100x50x20x3.0,CFZ,100,50,20,-,3.0,-,-,-,-,-,653.00,991000.00,19800.00,39.00,418000.00,8620.00,25.30,-,-,-,-,-,-,1960.00,-,14500.00,-,-,-,-,-,-,-,f4054421960944b7833010b89a7424bc,5.13
CFZ125x50x20x2.0,CFZ,125,50,20,-,2.0,-,-,-,-,-,500.00,1190000.00,19100.00,48.80,307000.00,6260.00,24.80,-,-,-,-,-,-,667.00,-,15200.00,-,-,-,-,-,-,-,8e62170d51b644368d247c0b0d96ac51,3.93
CFZ125x50x20x2.5,CFZ,125,50,20,-,2.5,-,-,-,-,-,616.00,1450000.00,23200.00,48.50,366000.00,7500.00,24.40,-,-,-,-,-,-,1280.00,-,15000.00,-,-,-,-,-,-,-,89666e876d614a38895bc207815c6f7f,4.84
CFZ125x50x20x3.0,CFZ,125,50,20,-,3.0,-,-,-,-,-,728.00,1690000.00,27000.00,48.10,418000.00,8620.00,24.00,-,-,-,-,-,-,2180.00,-,14800.00,-,-,-,-,-,-,-,ecf0b8e4228c4738902a330b8f89b07b,5.72
CFZ125x65x20x2.0,CFZ,125,65,20,-,2.0,-,-,-,-,-,560.00,1420000.00,22700.00,50.30,608000.00,9490.00,32.90,-,-,-,-,-,-,747.00,-,18700.00,-,-,-,-,-,-,-,aca9e62f114345e1b5e8827d8e53b21c,4.40
CFZ125x65x20x2.5,CFZ,125,65,20,-,2.5,-,-,-,-,-,691.00,1730000.00,27700.00,50.00,731000.00,11500.00,32.50,-,-,-,-,-,-,1440.00,-,18400.00,-,-,-,-,-,-,-,fc26bbcdada64ec39d4727e54fa607a8,5.42
CFZ125x65x20x3.0,CFZ,125,65,20,-,3.0,-,-,-,-,-,818.00,2020000.00,32300.00,49.70,843000.00,13300.00,32.10,-,-,-,-,-,-,2450.00,-,18200.00,-,-,-,-,-,-,-,54d60c477f74437998eccfcf9db84bbe,6.42
CFZ125x75x20x2.0,CFZ,125,75,20,-,2.0,-,-,-,-,-,600.00,1570000.00,25100.00,51.10,887000.00,12000.00,38.40,-,-,-,-,-,-,800.00,-,20600.00,-,-,-,-,-,-,-,b52cd9de23194741baab0ab87c6acd45,4.71
CFZ125x75x20x2.5,CFZ,125,75,20,-,2.5,-,-,-,-,-,741.00,1920000.00,30700.00,50.80,1070000.00,14500.00,38.00,-,-,-,-,-,-,1540.00,-,20300.00,-,-,-,-,-,-,-,5930f48484c14aacb64b150b7304e1ef,5.82
CFZ125x75x20x3.0,CFZ,125,75,20,-,3.0,-,-,-,-,-,878.00,2240000.00,35900.00,50.60,1240000.00,16900.00,37.60,-,-,-,-,-,-,2630.00,-,20100.00,-,-,-,-,-,-,-,ec38b91e127a478cbf8709ffdeedcae8,6.89
CFZ150x50x20x2.0,CFZ,150,50,20,-,2.0,-,-,-,-,-,550.00,1830000.00,24500.00,57.70,307000.00,6260.00,23.60,-,-,-,-,-,-,734.00,-,15300.00,-,-,-,-,-,-,-,81c347c6f7d144e78c5f0128be761785,4.32
CFZ150x50x20x2.5,CFZ,150,50,20,-,2.5,-,-,-,-,-,679.00,2230000.00,29800.00,57.40,366000.00,7500.00,23.20,-,-,-,-,-,-,1410.00,-,15000.00,-,-,-,-,-,-,-,ce2fd67050a745f899bb2ae7967a7ebb,5.33
CFZ150x50x20x3.0,CFZ,150,50,20,-,3.0,-,-,-,-,-,803.00,2610000.00,34800.00,57.00,418000.00,8620.00,22.80,-,-,-,-,-,-,2410.00,-,14900.00,-,-,-,-,-,-,-,3afbbb5d46d54c77b58d2421f498a3b5,6.30
CFZ150x65x20x2.0,CFZ,150,65,20,-,2.0,-,-,-,-,-,610.00,2160000.00,28800.00,59.50,608000.00,9490.00,31.61,-,-,-,-,-,-,814.00,-,19100.00,-,-,-,-,-,-,-,b15ea440ef4e4f6e856fe3139164192c,4.79
CFZ150x65x20x2.5,CFZ,150,65,20,-,2.5,-,-,-,-,-,754.00,2640000.00,35200.00,59.20,731000.00,11500.00,31.10,-,-,-,-,-,-,1570.00,-,18900.00,-,-,-,-,-,-,-,f85fdf503222439b9dc89be18febaacd,5.92
CFZ150x65x20x3.0,CFZ,150,65,20,-,3.0,-,-,-,-,-,893.00,3100000.00,41300.00,58.90,843000.00,13300.00,30.70,-,-,-,-,-,-,2680.00,-,18600.00,-,-,-,-,-,-,-,2051fafc49124c83ba40c1e96caa4e55,7.01
CFZ150x75x20x2.0,CFZ,150,75,20,-,2.0,-,-,-,-,-,650.00,2380000.00,31800.00,60.50,887000.00,12000.00,36.90,-,-,-,-,-,-,867.00,-,21400.00,-,-,-,-,-,-,-,134b8b865ff34c7ab9bad6d5fb5dea74,5.10
CFZ150x75x20x2.5,CFZ,150,75,20,-,2.5,-,-,-,-,-,804.00,2910000.00,38800.00,60.20,1070000.00,14500.00,36.50,-,-,-,-,-,-,1670.00,-,21100.00,-,-,-,-,-,-,-,d4382cb2041f44a5bfb2012dafb09617,6.31
CFZ150x75x20x3.0,CFZ,150,75,20,-,3.0,-,-,-,-,-,953.00,3420000.00,45600.00,59.90,1240000.00,16900.00,36.10,-,-,-,-,-,-,2860.00,-,20900.00,-,-,-,-,-,-,-,20bfa870ef0a48f1aefdbc84d21ffb9c,7.48
CFZ150x75x20x3.5,CFZ,150,75,20,-,3.5,-,-,-,-,-,1100.00,3900000.00,52000.00,59.60,1400000.00,19100.00,35.70,-,-,-,-,-,-,4490.00,-,20600.00,-,-,-,-,-,-,-,208408b7539a438fa12cbeb74c57f27e,8.63
CFZ150x75x20x4.5,CFZ,150,75,20,-,4.5,-,-,-,-,-,1380.00,4790000.00,63900.00,58.90,1670000.00,22900.00,34.80,-,-,-,-,-,-,9310.00,-,20200.00,-,-,-,-,-,-,-,5537e3de940a42bdbd55f1590fd3e46b,10.80
CFZ175x75x20x2.5,CFZ,175,75,20,-,2.5,-,-,-,-,-,866.00,4160000.00,47600.00,69.30,1070000.00,14500.00,35.20,-,-,-,-,-,-,1800.00,-,21500.00,-,-,-,-,-,-,-,3c695da03b694088b642a75a2786abbb,6.80
CFZ175x75x20x3.0,CFZ,175,75,20,-,3.0,-,-,-,-,-,1030.00,4890000.00,55900.00,69.00,1240000.00,16900.00,34.70,-,-,-,-,-,-,3080.00,-,21200.00,-,-,-,-,-,-,-,90e35bf7303049e7979af0515d10dbd4,8.07
CFZ175x75x20x3.5,CFZ,175,75,20,-,3.5,-,-,-,-,-,1190.00,5590000.00,63900.00,68.60,1400000.00,19100.00,34.30,-,-,-,-,-,-,4840.00,-,21000.00,-,-,-,-,-,-,-,5652390647ef45f9825f866fa53943b1,9.31
CFZ175x75x20x4.5,CFZ,175,75,20,-,4.5,-,-,-,-,-,1490.00,6890000.00,78700.00,68.00,1670000.00,22900.00,33.40,-,-,-,-,-,-,10100.00,-,20500.00,-,-,-,-,-,-,-,ee0d7be28dc0419bba8af168cb366947,11.70
CFZ200x75x20x2.5,CFZ,200,75,20,-,2.5,-,-,-,-,-,929.00,5680000.00,56800.00,78.20,1070000.00,14500.00,34.00,-,-,-,-,-,-,1930.00,-,21600.00,-,-,-,-,-,-,-,c485c7f83c6b408e8a70924e11ea5a27,7.29
CFZ200x75x20x3.0,CFZ,200,75,20,-,3.0,-,-,-,-,-,1100.00,6690000.00,66900.00,77.90,1240000.00,16900.00,33.50,-,-,-,-,-,-,3310.00,-,21400.00,-,-,-,-,-,-,-,14e638d707244b87844acb46e4f2dde3,8.66
CFZ200x75x20x3.5,CFZ,200,75,20,-,3.5,-,-,-,-,-,1270.00,7650000.00,76500.00,77.50,1400000.00,19100.00,33.10,-,-,-,-,-,-,5200.00,-,21100.00,-,-,-,-,-,-,-,743cab5d1a564316a2ff320869fcad87,10.00
CFZ200x75x20x4.5,CFZ,200,75,20,-,4.5,-,-,-,-,-,1600.00,9450000.00,94500.00,76.80,1670000.00,22900.00,32.30,-,-,-,-,-,-,10800.00,-,20600.00,-,-,-,-,-,-,-,31fdc27f4239414182b51f8991210fd6,12.60
CFZ225x75x20x2.5,CFZ,225,75,20,-,2.5,-,-,-,-,-,991.00,7490000.00,66600.00,86.90,1070000.00,14500.00,32.90,-,-,-,-,-,-,2060.00,-,21600.00,-,-,-,-,-,-,-,537aecc0a0464178b3986f933f33df75,7.78
CFZ225x75x20x3.0,CFZ,225,75,20,-,3.0,-,-,-,-,-,1180.00,8830000.00,78400.00,86.60,1240000.00,16900.00,32.50,-,-,-,-,-,-,3530.00,-,21400.00,-,-,-,-,-,-,-,0b93871d97904e98b2a62da3929a3dd5,9.25
CFZ225x75x20x3.5,CFZ,225,75,20,-,3.5,-,-,-,-,-,1360.00,10100000.00,89900.00,86.20,1400000.00,19100.00,32.00,-,-,-,-,-,-,5560.00,-,21100.00,-,-,-,-,-,-,-,c80f34bf84bb4a10b0edd3a2d8a6ac7b,10.70
CFZ225x75x20x4.5,CFZ,225,75,20,-,4.5,-,-,-,-,-,1720.00,12500000.00,111000.00,85.40,1670000.00,22900.00,31.20,-,-,-,-,-,-,11600.00,-,20600.00,-,-,-,-,-,-,-,3bccb2fc31bd411b8d735c14aa1f1453,13.50
CFZ75x50x20x2.0,CFZ,75,50,20,-,2.0,-,-,-,-,-,308.00,229000.00,4830.00,27.30,97000.00,2780.00,17.80,-,-,-,-,-,-,427.00,-,-,-,-,-,-,27.70,15.10,-,5c06b6be1f5a48c0be2642273f2aeb3e,2.42
CFZ75x50x20x2.5,CFZ,75,50,20,-,2.5,-,-,-,-,-,378.00,275000.00,5820.00,27.00,116000.00,3320.00,17.50,-,-,-,-,-,-,828.00,-,-,-,-,-,-,27.80,15.10,-,27a91cf6889246d3823ff71e213be0e4,2.96
CFZ75x50x20x3.0,CFZ,75,50,20,-,3.0,-,-,-,-,-,445.00,317000.00,6730.00,26.70,132000.00,3800.00,17.30,-,-,-,-,-,-,1420.00,-,-,-,-,-,-,27.90,15.20,-,85e4858a67c24aa78bfb05fd8df2be26,3.49
CFZ100x50x25x2.0,CFZ,100,50,25,-,2.0,-,-,-,-,-,378.00,504000.00,8330.00,36.50,119000.00,3330.00,17.70,-,-,-,-,-,-,520.00,-,-,-,-,-,-,39.50,14.30,-,3c01ebf967d84df88510e9634fb67239,2.96
CFZ100x50x25x2.5,CFZ,100,50,25,-,2.5,-,-,-,-,-,465.00,611000.00,10100.00,36.20,142000.00,3990.00,17.50,-,-,-,-,-,-,1010.00,-,-,-,-,-,-,39.60,14.40,-,50d73bd9eeb14ed5b83178603c2ba5f9,3.65
CFZ100x50x25x3.0,CFZ,100,50,25,-,3.0,-,-,-,-,-,550.00,711000.00,11800.00,35.90,164000.00,4600.00,17.30,-,-,-,-,-,-,1730.00,-,-,-,-,-,-,39.80,14.40,-,fd2820a7b5db4bee848dae7d4f1bc21c,4.32
CFZ100x75x25x2.0,CFZ,100,75,25,-,2.0,-,-,-,-,-,428.00,570000.00,8760.00,36.50,310000.00,5890.00,26.90,-,-,-,-,-,-,587.00,-,-,-,-,-,-,35.00,22.40,-,d4d65af2f8394ab1bb7cfa39143bf3c2,3.36
CFZ100x75x25x2.5,CFZ,100,75,25,-,2.5,-,-,-,-,-,528.00,692000.00,10700.00,36.20,375000.00,7140.00,26.70,-,-,-,-,-,-,1140.00,-,-,-,-,-,-,35.10,22.50,-,e84669a2c67244c48b9ad3a90f3d30d2,4.14
CFZ100x75x25x3.0,CFZ,100,75,25,-,3.0,-,-,-,-,-,625.00,807000.00,12500.00,35.90,435000.00,8290.00,26.40,-,-,-,-,-,-,1960.00,-,-,-,-,-,-,35.20,22.50,-,a965acb797b24cf29c6ca1112112b1fc,4.90
CFZ115x75x25x2.0,CFZ,115,75,25,-,2.0,-,-,-,-,-,458.00,802000.00,10900.00,41.80,323000.00,5980.00,26.50,-,-,-,-,-,-,627.00,-,-,-,-,-,-,41.20,21.00,-,1de5edb063a94cf09d1996f0cd3b8523,3.59
CFZ115x75x25x2.5,CFZ,115,75,25,-,2.5,-,-,-,-,-,565.00,977000.00,13200.00,41.60,391000.00,7240.00,26.30,-,-,-,-,-,-,1220.00,-,-,-,-,-,-,41.20,21.10,-,88650f2c35fd4e71b67bdfc5a761a6ff,4.44
CFZ115x75x25x3.0,CFZ,115,75,25,-,3.0,-,-,-,-,-,670.00,1140000.00,15500.00,41.30,454000.00,8420.00,26.00,-,-,-,-,-,-,2090.00,-,-,-,-,-,-,41.30,21.10,-,70e49b5bf9ac453e9fd11480154118a9,5.26
CFZ125x75x25x2.5,CFZ,125,75,25,-,2.5,-,-,-,-,-,590.00,1200000.00,15100.00,45.10,400000.00,7300.00,26.00,-,-,-,-,-,-,1270.00,-,-,-,-,-,-,45.40,20.20,-,8fd4bdf6056341ddb558c30f69e18ef0,4.63
CFZ125x75x25x3.0,CFZ,125,75,25,-,3.0,-,-,-,-,-,700.00,1400000.00,17700.00,44.80,465000.00,8490.00,25.80,-,-,-,-,-,-,2180.00,-,-,-,-,-,-,45.50,20.30,-,a9bc0b3450a64a27811902f5f5d1e6c1,5.49
CFZ125x75x25x3.5,CFZ,125,75,25,-,3.5,-,-,-,-,-,807.00,1600000.00,20100.00,44.50,525000.00,9600.00,25.50,-,-,-,-,-,-,3450.00,-,-,-,-,-,-,45.60,20.30,-,20420c95d7fb4edfa15ccf27cff5b1e1,6.33
CFZ125x75x25x4.5,CFZ,125,75,25,-,4.5,-,-,-,-,-,1010.00,1950000.00,24600.00,43.90,631000.00,11600.00,25.00,-,-,-,-,-,-,7260.00,-,-,-,-,-,-,45.80,20.40,-,e15c92fce9df4dd996908c4bbf66a924,7.95
CFZ150x75x25x2.5,CFZ,150,75,25,-,2.5,-,-,-,-,-,653.00,1890000.00,20100.00,53.80,420000.00,7430.00,25.40,-,-,-,-,-,-,1400.00,-,-,-,-,-,-,56.20,18.40,-,b1d98a3427bf4f9f9f6bedd6189d347d,5.12
CFZ150x75x25x3.0,CFZ,150,75,25,-,3.0,-,-,-,-,-,775.00,2220000.00,23700.00,53.50,489000.00,8640.00,25.10,-,-,-,-,-,-,2410.00,-,-,-,-,-,-,56.30,18.40,-,4f7b5eea48104caba6e88504330bfcf6,6.08
CFZ150x75x25x3.5,CFZ,150,75,25,-,3.5,-,-,-,-,-,894.00,2530000.00,27000.00,53.20,552000.00,9770.00,24.90,-,-,-,-,-,-,3810.00,-,-,-,-,-,-,56.40,18.50,-,8fcde2aa725d4fecb0e1e362232b89e9,7.02
CFZ150x75x25x4.5,CFZ,150,75,25,-,4.5,-,-,-,-,-,1120.00,3100000.00,33300.00,52.50,665000.00,11800.00,24.30,-,-,-,-,-,-,8020.00,-,-,-,-,-,-,56.70,18.60,-,2ba9659c5ec84367888e2487ab2d64a9,8.83
,,,,,,,,,,,,,,,,,,,,,,,,,,,,,,,,,,,71f447e50b664b85a65fe24f2d802ace,
